date,ret_mpc_gross,ret_mpc_net,ret_ew,ret_bench,ret_gmv_gross,ret_gmv_net
2023-01-16,-0.00493392676742505,-0.005048212581470017,-0.004762173522282898,-0.013268488933891135,-0.003756223998746224,-0.004288576788643923
2023-01-17,-0.0012453715911992821,-0.0012453715961270124,-0.0011614859654832388,0.002099796317748274,-0.002506653906226401,-0.0025235735479969433
2023-01-18,0.015026422421189557,0.015026422411959877,0.01364286799222997,0.01639533725945932,0.008478248501630356,0.0084403390188485
2023-01-19,0.010397980676430314,0.010397980674264845,0.009148409175731008,-0.0055906224987136545,0.012301842897887565,0.012287150066986729
2023-01-20,-0.0056715272450466245,-0.005671527245706638,-0.006986379545801518,-0.009076614321496933,-0.005699509458686592,-0.005731762027701254
2023-01-23,0.0038363570161483035,0.0038363570089044803,0.0035949774171526658,-0.004034416195319439,0.004971986797947904,0.004949477182519607
2023-01-24,-0.01005529835760706,-0.01005529836476893,-0.009537409576908202,-0.008928994501582075,-0.007252738405787456,-0.007295268432395448
2023-01-25,-0.00012702490729405217,-0.00012767526395900214,-0.0001268767200698082,-0.0020564617599737912,-0.002633264746788144,-0.002637119082984226
2023-01-27,-0.0157689261113636,-0.015870118287760165,-0.017892469037634192,-0.04805761005569197,-0.019893154354411545,-0.019939633279524492
2023-01-30,-0.00585831044909814,-0.005972595748179668,-0.007997216047219174,-0.0027584432055544174,-0.005876124233411511,-0.005919321434422181
2023-01-31,0.0032647495256776663,0.0032647495111622258,0.005709355784788947,0.015070320220848393,0.006274857820386374,0.00626848198582418
2023-02-01,-0.003645146803797258,-0.00364514683807759,-0.005160885782966015,-0.046087988017995955,-0.008833732595933173,-0.008839337930205311
2023-02-02,-0.011197307392591047,-0.011197307421370359,-0.009757065434077736,-0.044499530048677925,-0.009484326254951636,-0.009539094593741686
2023-02-03,0.0005565561395997531,0.0005565561366602632,-0.0013339793055090715,-0.0010584116843113495,0.0007586982954432745,0.000749079457635606
2023-02-06,-0.009786330821590455,-0.009786330823445691,-0.007317025921610931,-0.02219491621123548,-0.0031612874788750577,-0.0031790559234446676
2023-02-07,-0.015247390694426424,-0.015247390696236646,-0.0125220736721361,-0.0026106053010446773,-0.0016829487880186027,-0.0016897687413550157
2023-02-08,0.007070582908177381,0.007070582903249683,0.007014977966020258,0.03713186940028658,0.006823594808402414,0.006805071284408996
2023-02-09,0.0019578894632394086,0.001957889463021126,0.0027943313204816414,-0.01593335010480262,0.0012943651163064686,0.0012700837847463226
2023-02-10,-0.01101474846694445,-0.011014748467766074,-0.00891384409132856,-0.01838001596623501,-0.0046735855202888876,-0.004675378828365592
2023-02-13,-0.0004330902942058549,-0.00043309029683369756,0.0002411129636071654,-0.011996658545803542,0.002382821344850735,0.0023697421568390736
2023-02-14,0.0020651946812724952,0.0020651946789619962,0.0013322200972452386,0.01013299980686191,-0.0009838737982484208,-0.0009976478547741791
2023-02-15,0.003639201811718021,0.0036391911007492253,0.002223664253823568,0.004639662889057606,0.0020731362772132885,0.002019120659030979
2023-02-16,0.010697386573169251,0.010694642923215326,0.010369382508075968,0.012205757907174328,0.012715918903060461,0.012669751076194351
2023-02-17,0.0035435651705181576,0.00354356515531954,0.00462465399031319,-0.00909292482169203,0.007536801394749108,0.007459595242346542
2023-02-20,-0.002526235467336593,-0.0025262354716215894,-0.004571489401410123,-0.007735126654630119,-0.007533734194481845,-0.007552172421520284
2023-02-21,-0.005711911003917087,-0.005713027243363843,-0.005945374378865858,-0.0032676016610792644,-0.008405293341655464,-0.008497860811618118
2023-02-22,-0.015602146115780006,-0.015602351924969508,-0.013851155027684664,-0.0267913119741713,-0.014875409108786524,-0.01490568367212103
2023-02-23,0.00729049571471013,0.007290495677791304,0.006528852566795635,0.00348087224660971,0.005238238976078352,0.005205860111748698
2023-02-24,-0.010082135230372359,-0.0100821352385013,-0.00901298563380933,-0.030430864238857266,-0.0021703814061596713,-0.002196655432524347
2023-02-27,-0.00965785711618197,-0.009657857121879615,-0.006428594956477683,-0.024142823952807202,-0.0019612945676445686,-0.002009091327357296
2023-02-28,-0.016919904872392325,-0.016919904876899913,-0.0170668670305533,-0.008438212176665088,-0.014487236010903353,-0.014506125913470084
2023-03-01,0.016655522224069238,0.016655522217806546,0.014798229205563573,0.03882575197039373,0.012178155039317235,0.012158175689009277
2023-03-02,0.0035840856692783835,0.003584085665012437,0.003747846045539164,-0.0007944622239288392,0.007306968523384579,0.0072789367681930775
2023-03-03,0.008959910999018186,0.008959910995798723,0.007747882302360999,0.03492778327487613,0.004782718017497876,0.0047490937554999805
2023-03-06,0.0019035636088479213,0.0019035636060477927,0.0038208375751931445,0.002053308318185953,0.007109017903507321,0.00709801448344919
2023-03-08,-0.0005702553382363213,-0.0005702553407831043,-0.00035342681651195646,-5.2788092531735593e-05,0.0004197828553272278,0.00039736954190711
2023-03-09,0.0019710807147118284,0.0019710807079677066,0.0004023921486094193,0.0006160887362624461,-0.0016684470206475709,-0.001690017637942346
2023-03-10,-0.0015328172079920935,-0.0015328172100962613,-0.0012773944345289211,-0.008313872462046437,-0.0003757137516120414,-0.00037837342763137366
2023-03-13,-0.010711695145405705,-0.010711695146781835,-0.009535969937563171,-0.008992203758681431,-0.009667163173300913,-0.009685125210262545
2023-03-14,-0.0023717715092659943,-0.002371771510617852,-0.0018766255285592407,-0.012231504023324298,-0.0019359472354662569,-0.0019538231415165384
2023-03-15,0.008146432593191047,0.008146432591806276,0.007798435004947201,0.017811003846083515,0.005495644186198697,0.005430704833842268
2023-03-16,-0.01267759954365958,-0.012688741291653116,-0.004870651003432526,-0.026110201957429427,0.009107088848218484,0.009027360276825862
2023-03-17,0.010863611916082353,0.01086361191531988,0.010442658012252021,0.023632300996591738,0.006308813581209756,0.006224951559217364
2023-03-20,-0.011334568616277713,-0.011334568617895488,-0.00728219967799217,-0.023796777873704576,-0.002126272112508692,-0.0021474897333056435
2023-03-21,-0.002091795274827448,-0.002091795281584571,-0.0021556210741145282,0.004313576639896986,-0.004374036657147209,-0.004427602720075317
2023-03-22,-0.0023109289916880276,-0.0023109289964692707,-0.0038292968830012193,-0.00039135918886326095,-0.007354390590065538,-0.007377009712809571
2023-03-23,0.0020385246997001926,0.002038524698974162,0.0017959038270255912,0.0010008917692868745,-0.0007077425445768757,-0.0007371123698335292
2023-03-24,-0.019705788452885068,-0.019705788467787234,-0.018633358828381248,-0.022989342663884946,-0.01615179379345578,-0.016164672929375075
2023-03-27,-0.001742775133463349,-0.0017427751342089716,-0.0007636863068713159,-9.269653118783892e-06,-0.002298440531752594,-0.0023318343704849006
2023-03-28,-0.00043350387350645365,-0.0004335038740813557,-0.0034401509937312773,-0.00795102703815776,-0.005620518002537749,-0.005633860162095582
2023-03-29,0.013522131712790132,0.013522131712253157,0.012591741749725242,0.024077969762685784,0.012331811880529338,0.012272152393134164
2023-03-31,0.010520119855039926,0.010520119854685504,0.011186194669609162,0.006798928997262944,0.010921762712362327,0.010726910410057836
2023-04-03,0.0022536634894429483,0.002253663473768678,-0.002865953295375931,-0.00357167785288716,-0.0038344325783370497,-0.003858593600191757
2023-04-05,0.0032210980524973723,0.003221098044660185,0.0015456327484656067,0.0033623970107361056,0.0010520236885365507,0.0009172197261541903
2023-04-06,-0.001277369553974837,-0.0012773695548645057,-0.0007523324553573926,0.005769090644313716,-0.0009490900471589322,-0.0009870356649884508
2023-04-10,0.009135430225646253,0.009135430207600926,0.012313530751841032,0.007595742543163169,0.0114799379734674,0.011436557589645506
2023-04-11,0.01506064314432038,0.01506064313295813,0.01503678256319106,0.017440491889236544,0.01448651272101656,0.014417528692597917
2023-04-12,0.003997379117595065,0.003997378880706422,0.0017521580276371517,0.004804705763061275,0.0029805578731616593,0.0029284670414255736
2023-04-13,-0.0017763237196134804,-0.0017965136270983578,-0.0021805814053120084,0.0025426121042871406,-0.004850274791497698,-0.0048987020620760695
2023-04-17,0.006482721069052733,0.006482720960555339,0.0072731897925765055,0.004272816830476797,0.0072824588282703745,0.007233753286449539
2023-04-18,0.005572075323940797,0.005537897950462406,0.003739097078438014,0.0025253638187137262,0.003631249725540373,0.003575958974543452
2023-04-19,0.0019799515071420976,0.0019799515030951365,0.004684199726178882,0.0053171836799006935,0.005404273882785544,0.005393415517043206
2023-04-20,-0.004935851759382637,-0.0049358517689664545,-0.0038008980279570915,-0.0039352558177476625,-0.0033458002092433188,-0.003367851848560445
2023-04-21,-0.006481889307498063,-0.006481889563044334,-0.004173452292507181,-0.013826425642131634,-0.0016513824628943713,-0.001694299286359056
2023-04-24,0.0064566441602518084,0.0064566441531636095,0.006159716369095227,0.004463491576853251,0.005094963177023263,0.005031394661269589
2023-04-25,0.0023842391131735936,0.0023842391099893096,0.002361202721264455,0.006109365359905452,0.0015661711691245086,0.001556347959955819
2023-04-26,-0.0026536849141961375,-0.002653684918004154,-0.0014958138719692491,-0.004374964605415294,-0.00023500222353020048,-0.00025621710152351143
2023-04-27,0.01173054649181786,0.011730546471148488,0.011319708371246365,0.007072494956795515,0.012474802533528565,0.012456891163839372
2023-04-28,0.003742058089127519,0.0037058584140460117,0.003114034453065922,0.007902630937028927,0.002853459400473911,0.00281573216450434
2023-05-02,0.017196594872139884,0.01716043533360908,0.018005951974775263,0.014142393045460255,0.016500502732423983,0.016400522144476126
2023-05-03,-0.002810434260156023,-0.0028104342619430277,-0.00448066565561316,-0.009866604334529414,-0.002843966438288521,-0.002889874684680929
2023-05-04,0.007093789733420848,0.0070937897254056866,0.008180515666185889,0.012082746788686437,0.008321181103475479,0.008278234001010886
2023-05-05,-0.011134021069935659,-0.011134021072695626,-0.010455249147423988,-0.015040319568886766,-0.007148626499856961,-0.007239142292774002
2023-05-08,0.0038411924517711975,0.0038411924289354312,0.007595568392387458,0.006625115177323588,0.00436941553492471,0.004342879914094776
2023-05-09,0.0010045536152453174,0.0010045535924482869,0.00025184901308614296,-0.001506493704563228,0.002626315260692954,0.0026155373142452204
2023-05-10,-0.00095460499827839,-0.0009827397129655619,0.002266882419555746,-0.002530246312439779,0.004438667702571155,0.004429242955983743
2023-05-11,-0.012137845518540597,-0.012137845536506965,-0.009368152890758357,-0.0042687799434422665,-0.005395399911372358,-0.005479403466590792
2023-05-12,-0.014231891146099945,-0.014231891324116112,-0.01639265391576641,-0.018523867531706366,-0.01354677545294921,-0.013571643524873547
2023-05-15,0.008810328949686414,0.008810327470492312,0.004786301831986488,0.0019047545618767242,0.0030191369291806473,0.0029352332677550262
2023-05-16,0.009097325029729222,0.009093750760786695,0.010415039057998381,-0.003214668189032483,0.013191311067129013,0.01316389288768248
2023-05-17,-0.0050913374715272,-0.005091337577094006,-0.0034840579856983225,-0.00894292897475237,-0.0009672967531663578,-0.001011561567776201
2023-05-18,-0.008301775350013982,-0.008301775358453448,-0.008236883426415759,-0.0055543683342526564,-0.009676752485051312,-0.009686108106545773
2023-05-19,-0.0003548893908266057,-0.000354889398541564,-0.0014372910249830391,0.0029234140755857877,-0.0012436666622811202,-0.0012576519507304287
2023-05-22,0.00581083177872326,0.005810831774411468,0.005224482606131125,0.03144219630587921,0.005426369647778003,0.005354419189587394
2023-05-23,0.006635930738210936,0.006635930734998819,0.006423483063747759,0.02557783289496642,0.007157805486724043,0.007132754766566465
2023-05-24,-0.0013318445592572,-0.0013318445618588713,-0.0015466448229018552,-0.015683023870743433,0.0005385954985433115,0.0005073669322420891
2023-05-25,-0.0035257194197947615,-0.0035257194212558155,-0.0028543561325486055,0.0029673193457488392,-0.002400724438163574,-0.002425769176702524
2023-05-26,0.011249151770699899,0.011249151769610088,0.007353703677813026,0.010645487618511877,0.004609307301510942,0.004537204666283269
2023-05-29,0.008943020914232488,0.008943020912746113,0.0022341657514145285,0.009357352416882814,-0.0005486531758817457,-0.0005595884475662964
2023-05-30,-0.005577258761963513,-0.005577258763651296,-0.0050030688970789505,-0.009163634893523545,-0.0023365314715365895,-0.0023604481955199837
2023-05-31,-0.011669700948162144,-0.011669700949263864,-0.0105263995382274,-0.007863670227318171,-0.008868904999540336,-0.008895415539472306
2023-06-01,-0.00864895843409491,-0.008648958444437815,-0.006701719976862301,-0.000993627595180034,-0.009211909201256304,-0.009232825143501017
2023-06-02,0.01241984245273543,0.012419842446922902,0.008743741840146504,0.012128288984867933,0.0035344534710064325,0.0035019540846199715
2023-06-05,0.0016063877747800185,0.0016063877657818974,0.0003283285281469337,0.0033355829259935775,-0.00026463563818424985,-0.00029116967692874036
2023-06-06,-0.0038956462460120874,-0.003895646248006861,-0.004627576629810074,-0.0014149645404247096,-0.003418194480485782,-0.0034383185909582148
2023-06-07,0.017811224631413217,0.017811224629204526,0.017996220693695785,0.015018710801046853,0.018209178105349555,0.018187811580061983
2023-06-08,-0.0007424299544263325,-0.0007424299562362775,-0.0017971905090473494,0.0016412087610250185,-0.0008212911127634119,-0.0008820387150831977
2023-06-09,-0.0056896981489609,-0.005689698151147623,-0.006319466325421931,-0.004683246337731922,-0.004955677677223029,-0.004976369450515846
2023-06-12,0.00623841384324354,0.006238413841964931,0.009939963948090992,0.006099519528187338,0.01081811404223541,0.010791309669065809
2023-06-13,0.007498818224239633,0.007498818223017102,0.006826791109745221,0.008415374027825369,0.005335982735941007,0.005305112663052283
2023-06-14,0.013558357348159269,0.013558357347580928,0.011540323612230374,0.01411419890446853,0.01141602650677154,0.011403714409677327
2023-06-15,-0.0023416524617281276,-0.0023416524628120383,9.477678250574067e-05,-0.0018844238043550354,0.0005121361125842993,0.0004925558936676177
2023-06-16,0.0020217677134644328,0.00202176771232992,0.00038008759548984736,0.004575999196496857,-0.0016464404177698538,-0.0016856210626123862
2023-06-19,-0.003325796819024124,-0.0033257968207823026,-0.0025962104932549727,-0.004503425383505386,-0.003009184479693669,-0.0030284349758546037
2023-06-20,0.001710827114211391,0.0017108271116184394,8.530515505817509e-05,0.006931655514790443,-0.0009376811273905857,-0.0009662544456149796
2023-06-21,-0.005608156645626429,-0.0056081566492276426,-0.002116509055903039,-0.009473773296588196,0.0007124555851641574,0.0007029417868018713
2023-06-22,-0.002186141627566943,-0.0021861416323157674,-0.0023138813717445347,0.0005170486938533733,-0.0033255022764875357,-0.0033512661467151885
2023-06-23,-0.016239272271329062,-0.016239272274003774,-0.01919210170423232,-0.02514821915820534,-0.017844578359050112,-0.017871546597193082
2023-06-26,0.0027138354248125657,0.0027138354203439176,0.0017834556568213208,0.007574089859449085,-0.00040546913818576724,-0.0005107015920126836
2023-06-27,0.00698943773779158,0.006989437735490521,0.006700915580112846,0.007296849473595547,0.00636402330880105,0.006360844318585986
2023-06-28,0.01271501226434046,0.01271501226038807,0.01173659205371981,0.01351863234456372,0.012700012284779435,0.01266806719693105
2023-06-30,0.006530941700309865,0.0065309416967735436,0.005738029987442662,-0.0003139586981792233,0.0074548849740041865,0.00742254621846886
2023-07-03,0.01570700919760696,0.01570700919484539,0.017490761162675197,0.01062925308318986,0.01843458871867264,0.018414143539164332
2023-07-04,-0.002004347501753407,-0.002004347503163317,-0.0021565568169477876,-3.9838572863114435e-05,-0.0030797251501634665,-0.003127445650977542
2023-07-05,-0.00013269009291442494,-0.00013269009474842984,0.0045408048376588085,0.0027212444682118667,0.005241470044243215,0.005217646087217023
2023-07-06,0.011979611840112448,0.011979611837443123,0.013190282862580647,0.005238751877246563,0.01377385084576772,0.013747374144561713
2023-07-07,-0.004815979617105391,-0.004815979618271553,-0.005622796046502858,-0.007314837893281426,-0.005623877855616159,-0.005717036032998632
2023-07-10,0.010060272523077242,0.010060272520941346,0.004929137242434477,0.016716619766809077,0.006726035492867361,0.006680236716238878
2023-07-11,-0.0019253393210266056,-0.0019253393228925101,0.0015149969653358698,-0.0025089787126249554,0.0019984384715362727,0.0019623895132221494
2023-07-12,0.0019179883111708445,0.0019179883072950813,0.0018344463703088287,-0.0009189345286693803,0.003948155304588625,0.003940160328888222
2023-07-13,-0.003968755482620853,-0.0039687554900896685,-0.004630829910642667,0.0025818518001547875,-0.008626870976886023,-0.008643413822638208
2023-07-14,0.011186290682723846,0.011186290672060515,0.00965329970896127,0.013970022439199346,0.007317616571894829,0.007287459511874599
2023-07-17,-0.0003566700810070068,-0.0003566700869303242,-0.0014385782457741222,0.004795631299550386,-0.003332521749371527,-0.003350916830662329
2023-07-18,-0.005845343283347114,-0.00584534329083511,-0.005010760259316337,-0.00831063081045849,-0.004945631648463223,-0.0049603167550627564
2023-07-19,3.2841568676336306e-05,3.2841556984865185e-05,0.001723692113417634,0.00430294908427757,0.002843836293462286,0.002823272907695528
2023-07-20,0.005222797644929075,0.005222797611562398,0.0054366534891760404,0.001651290591701273,0.005232390866875344,0.0052276506503097404
2023-07-21,-0.005229589673599581,-0.00522958967947443,-0.0007750639571921419,-0.00664477863063756,0.0011254942675662627,0.0011194862613823175
2023-07-24,-0.0024670104114490176,-0.002467010421613263,-0.001937908174135909,-0.007283183410907682,-0.001670029911314719,-0.0016717671253271228
2023-07-25,0.016762987592858856,0.016762987585594885,0.013097557419221825,0.02898688246990094,0.010785491067272706,0.010762370091148393
2023-07-26,0.0038824122777678664,0.00388241227081603,0.003007481198248541,0.0032301095386826485,0.003662899680504419,0.003614553338435978
2023-07-27,-0.005952296853470384,-0.0059522968583217584,-0.00843410039013971,-0.0035491472624995498,-0.010173518352624658,-0.010208640799893337
2023-07-28,0.0016850763832551507,0.0016850763236441614,-0.0004382364366809193,0.008962158516647863,0.0008365652754460225,0.0007923658667134082
2023-07-31,0.011057367223018569,0.011057367213635335,0.013599350447689949,0.017524202561167674,0.013063788656062707,0.013042928767617819
2023-08-01,0.011555847510393043,0.011555847504987083,0.00809697625796238,0.0017666175184478012,0.010501443927972759,0.010409116104358445
2023-08-02,-0.019943982950933938,-0.01994398295521341,-0.018468575661694926,-0.020398168536367542,-0.017300621069466254,-0.01732139250037447
2023-08-03,-0.00702176646248478,-0.007021766479559417,-0.008133860792193826,-0.004722103885504858,-0.010116052439766257,-0.0102083687436192
2023-08-04,0.0039250336321185846,0.003925033628057609,0.0008776695558426958,0.003130369340390541,0.001930332975224489,0.0019066847235454769
2023-08-07,0.004759337225945435,0.004759337219308314,0.0036338698685166038,-0.00011324985739742573,0.0024127788354520725,0.002354958979601409
2023-08-08,-0.011080190722784645,-0.011080190729962022,-0.00928184321788949,-0.011749264513477818,-0.00815542796537045,-0.008262020833273426
2023-08-09,0.0218730273026277,0.021873027298428924,0.019763592063375062,0.020125282703226652,0.019918490425563325,0.01986855524427772
2023-08-10,0.0019654343431181813,0.001965434341297444,0.0034822776854125325,0.006782982299236796,0.003769314476075886,0.003687119410623093
2023-08-11,-0.0054529725125774635,-0.005452972514205785,-0.005635190483465782,-0.005137100769397461,-0.004954884870895505,-0.004971030825984297
2023-08-14,-0.014638454475446972,-0.014638454477123548,-0.010778252943770725,-0.021595407973422746,-0.008956476141269078,-0.009001532250710991
2023-08-16,-0.005902958183278694,-0.005902958185181201,-0.0032785024574066876,-0.00949352624056245,-0.0015099241933953275,-0.0015428627923722476
2023-08-17,-0.0034876742866010507,-0.003487674288044928,-0.003607235762357195,-0.0005553735127449678,-0.00512405990290355,-0.005147384068869062
2023-08-18,-0.007110919102999514,-0.007110919104949132,-0.008462954559192331,0.002034838320432333,-0.007633363602150209,-0.007660006573358871
2023-08-21,0.011299357998949376,0.011299357997250757,0.00876954004264561,0.012959033627838429,0.0073977067271561465,0.007360474832682292
2023-08-22,0.0018303540223161968,0.0018303540207581929,-0.0006795861626449379,0.00847667960561257,-0.0003887447840898421,-0.00041038339167975797
2023-08-23,0.005827677727207363,0.005827677726779421,0.003431354241664227,-0.0013348616195263641,0.0005071975464434608,0.000492391748584471
2023-08-24,-0.00525231576101552,-0.005252315761990109,-0.002988856390781933,-0.0034319690180766938,-0.002604406651064981,-0.0026080867303286694
2023-08-25,-0.01048620361324239,-0.010486203614418033,-0.007149383491931101,-0.012726696100801963,-0.004996157543055581,-0.005024353223912294
2023-08-28,0.0016272865441938887,0.0016272865434820932,0.003348312490456622,0.0021374529228355564,0.004359025371809613,0.004317376119121389
2023-08-29,0.009896131824840032,0.009896131824567871,0.008528954704150384,0.012684640134281605,0.006255475715257441,0.006229526353473528
2023-08-30,0.002067503099282393,0.0020675030986089795,-0.000407698617096259,0.009191776984507596,-0.0006876523612807804,-0.0006988304520840821
2023-08-31,-0.0023280507172327384,-0.002328050718733779,-0.0072905321880304425,-0.0027666658821194,-0.006793624703716369,-0.006802520529582645
2023-09-01,0.025360828238124463,0.025360828234886224,0.02540343122192376,0.028372730164485643,0.02568606692529159,0.02562646526472513
2023-09-04,0.024202330282686514,0.024202330270318026,0.018948256860953257,0.02252213018988382,0.02059078034810358,0.020517607663318047
2023-09-05,0.010146011089655934,0.010146011074541805,0.00957874175288228,0.004570653160144139,0.011259764786544287,0.011120850051117055
2023-09-06,-0.005871918944411512,-0.0058719189497997894,-0.0034250420640194465,-0.007908520115647499,-0.002333623615854989,-0.0024213257149861903
2023-09-07,0.015130819382226135,0.015130819379874242,0.010392434026897933,-0.0003652445932849353,0.010852368468989189,0.010806492439990876
2023-09-08,0.009775217345251769,0.009775217341988563,0.011718061851279323,-0.00046564774883648124,0.013474839559345595,0.013391393303511143
2023-09-11,0.007715768922255886,0.007715768919301886,0.005977327326239132,0.017966298752130606,0.005910721805941239,0.0057853482291897185
2023-09-12,-0.021970816591930932,-0.021970816593380967,-0.023838257577585908,-0.027086437834465186,-0.02478504703875973,-0.024798629631804025
2023-09-13,0.011765554805955458,0.011765554803141983,0.013553032928268099,0.004199699967161626,0.011995973228407732,0.011913508906146316
2023-09-14,0.010525601905789689,0.010525601903824417,0.012028872493550766,0.014760231152661485,0.012493383594619201,0.012439059491568231
2023-09-15,-0.004028255896770289,-0.004028255902039214,-0.00632109346950772,-0.001576416480631968,-0.007655917141027863,-0.007714647988920432
2023-09-18,-0.004553202814914739,-0.004553202830691328,-0.0005318650655235698,-0.01114806911617829,0.0005437232207379399,0.0005225415191637984
2023-09-20,-0.010202818170479739,-0.010202818173674423,-0.009804922430875607,-0.016483671218801732,-0.010227776379784025,-0.010237252178165776
2023-09-21,-0.0035399514217861598,-0.003539951424908423,-0.00232649136415028,-0.005486889086459701,-0.002192839494889485,-0.0023067576281567354
2023-09-22,-0.002314352633597318,-0.0023143526360112185,-0.004043958913113552,-0.006603646133054851,-0.005444112573377437,-0.005459637837880672
2023-09-25,0.0019075371155733278,0.0019075371096944499,0.001116602384200241,-0.001117161534887578,0.0019904696313513435,0.001965908608343355
2023-09-26,0.0026470991216171556,0.0026470991188823653,0.003331514710773933,0.0031116810205862673,0.003997003707695259,0.003942327667115061
2023-09-27,-0.0002459028590688292,-0.00024590286099222624,-0.0013976951000738429,0.0002951463294370544,-0.003929337079021817,-0.003940893543844721
2023-09-28,-0.010175325049430304,-0.0101753250516057,-0.009637330429500436,-0.009681794565613914,-0.008830051935905602,-0.008890184241743303
2023-09-29,0.02194679633399743,0.021946796332534484,0.020823152317476317,0.018788389493874097,0.017570826126350924,0.01754692676495646
2023-10-03,-0.01380405864780033,-0.013804058649489536,-0.017245262968050287,-0.006056907384854985,-0.016612702648437425,-0.016726251129456943
2023-10-04,-0.015199608820115767,-0.01519960882198851,-0.012383990909180197,-0.010655242783663551,-0.012024988109133827,-0.012052453840623947
2023-10-05,0.0007241518763995621,0.0007241518740983957,0.0013054000689443333,-0.0025083801137826475,0.002224136918359715,0.0021977125830103684
2023-10-06,0.003319559477674707,0.0033195594743423624,0.0031216702876814112,0.0052476880656048865,0.0038463654724236996,0.003828815885443745
2023-10-09,-0.011427060970828412,-0.011427060974061539,-0.01113520710893583,-0.01452433975732071,-0.013246539383005592,-0.01325224388987594
2023-10-10,0.02271668580426499,0.0227166858012553,0.018114542489521705,0.02025340474658037,0.013748147030147284,0.013721819694371067
2023-10-11,0.004004370802509832,0.004004370800533391,0.003759857349750068,0.00426618675583247,0.004623682318385873,0.004581211760863727
2023-10-12,0.008342542383421423,0.008342542380956214,0.00930128099617554,0.007444152697909806,0.009676683127414208,0.009650322208142121
2023-10-13,-0.0024694921995318518,-0.002469492202311245,-0.0020741621669413965,-0.006175182491114079,-0.0013876071487366013,-0.0014015991761804137
2023-10-16,0.010514562812877761,0.010514562810552977,0.008520583315260557,0.009048779125998276,0.008419406576909701,0.008416190095574047
2023-10-17,0.006273331442165623,0.006273331440529426,0.007369467309611249,0.0027857071558426766,0.00705894488253783,0.007038730989661715
2023-10-18,-0.004259129919906085,-0.004259129922654972,-0.004385830120512829,-0.0056082931268190295,-0.005866944715061545,-0.005881779812490709
2023-10-19,-0.006205241728914935,-0.006205241731883339,-0.003679671740336979,-0.00879517167488635,-0.0019612775826067454,-0.001968992024617237
2023-10-20,-0.012697497889753478,-0.012697497893574852,-0.012527265379563803,-0.013399056784803428,-0.011884328235837438,-0.011891453853163035
2023-10-23,-0.02547469026148088,-0.025474690264790534,-0.02133310369065461,-0.033130029408648766,-0.01955852781663739,-0.01960274203104741
2023-10-25,0.005531338050778176,0.0055313380448921475,0.0026724150541068852,0.0014848690631446804,-0.0006103130284758249,-0.0006461147225643795
2023-10-26,-0.01650159385062067,-0.01650159385632187,-0.016365174785766597,-0.01637031683171938,-0.01778458198433723,-0.017804340251764757
2023-10-27,0.008668813800766017,0.00866881379440768,0.008646184299331977,0.00856742472299797,0.007429895418924146,0.007412036206043123
2023-10-30,0.0038044226274274243,0.003804422625124746,0.010327837093095659,0.0022985908820012226,0.013839878099435111,0.013803085488173529
2023-10-31,0.0034578864094677924,0.003457886407522732,0.001904788467094376,-0.0023993076014817297,0.0013916657515637243,0.001338123723604223
2023-11-01,-0.004516109539161268,-0.00451610954431364,0.00038705027343639397,-0.01444729531261608,0.0024411417124176743,0.002429461054971258
2023-11-02,0.015968270285804616,0.01596827028320809,0.013131465613216167,0.013904718541119694,0.011719323399966633,0.011692361260829403
2023-11-03,0.006915349575086017,0.0069153495674031,0.007766231146961342,0.004671956704281165,0.008545339801014185,0.008492543350006236
2023-11-06,0.017853025202167798,0.017853025199028164,0.01700201125048694,0.01348303576846175,0.017565606616359267,0.017550274953581153
2023-11-07,0.008350079955071069,0.008350079951323511,0.008564564443865826,0.001483572539977944,0.008639828818539795,0.008576815393489324
2023-11-08,0.003554894249825769,0.003554894242111174,0.008330135375775637,0.007490627405325431,0.00959137801489875,0.009536702501610544
2023-11-09,0.0006310674928076934,0.0006310674877392384,-0.0015918674522702458,-0.004029947036139813,-0.0028616080625994073,-0.002898955106207582
2023-11-10,0.0012846528300657725,0.001284652828456838,0.0029034049535332437,0.007006061312637568,0.005212578241506468,0.005206070614736238
2023-11-13,0.022729087945273504,0.022729087942319204,0.01761235905047535,0.010187143404049546,0.011979932196891077,0.01196104284612715
2023-11-15,0.020766676707014008,0.02076667670356808,0.019922107332635663,0.011594518470032726,0.019331237372259533,0.019282077626657085
2023-11-16,0.0020169419412835806,0.0020169419387525895,0.004952899290867834,0.0,0.007131554689811852,0.007074042304967409
2023-11-17,-0.005413443810468206,-0.005413443814136034,-0.010476109816694695,0.001691637122981941,-0.010729674536104199,-0.010750020824858488
2023-11-20,-0.0013379499599759357,-0.0013379499656287752,0.0005658311474299682,-0.004765979704426429,-0.00014030322550478047,-0.0001650570074135543
2023-11-21,0.007156044082898796,0.007156044070246495,0.0035459566050824727,0.01213164843155939,0.002701405650295483,0.002694041135741433
2023-11-22,-0.005191964200698079,-0.005191964211774168,0.0009511590566236874,-0.009020500685080805,0.0035437366857735725,0.0035388002773575566
2023-11-23,0.00964605615919452,0.009646056154542044,0.009985465054719204,0.005241946561922152,0.00991124164014901,0.009891328324956
2023-11-24,0.0004247830852817148,0.00042478308131004634,-0.0007881291442213923,0.006699469253015013,-0.0021018015899842545,-0.0021259574208727524
2023-11-28,0.01933674985766221,0.019336749852767978,0.022100459237640844,0.018363274924476827,0.020204498203433396,0.020193663054711368
2023-11-29,0.005316375122321819,0.005316375115044315,0.004072890633698754,0.0021044304520289586,0.004436890669176703,0.004372661721080714
2023-11-30,0.007831892107990016,0.007831892098464924,0.009652276612016581,0.00014967994718513388,0.010117529066771151,0.01011393104742646
2023-12-01,0.007810728299843512,0.00781072829558167,0.006159447000364246,0.00986218781173011,0.007226162661678389,0.007186585999012543
2023-12-04,0.01840436282596932,0.018404362824213195,0.025201023311700734,0.0161799656785485,0.02513328322419072,0.025060000304346818
2023-12-05,0.005434496198426538,0.005434496194134927,0.007220938350829298,0.030195074590494326,0.005637456522332105,0.005511940860282527
2023-12-06,0.0026195571407055564,0.0026195571371425606,0.00211715315848383,0.0002626746795134336,0.0010054171782163564,0.0009922339562416552
2023-12-07,-0.003620240428562161,-0.003620240433147705,-0.004157776139916475,-0.007502468313319233,-0.008098302766372105,-0.008113092314794542
2023-12-08,-0.00027366427200721706,-0.0002736642844771207,-0.0030558181117533016,-0.0009435028529076549,-0.0007008939250467818,-0.000762958288116685
2023-12-11,0.0029507798792253927,0.0029507511137718554,0.001807761415261986,0.010376688093668068,0.0042321327957394825,0.004222488111438754
2023-12-12,-9.729764543933505e-05,-9.729933997352372e-05,-0.0003116695736570803,0.0030733403459177757,-0.000634842342552095,-0.0006441946076611582
2023-12-13,0.005300987331889384,0.005236525799631772,0.0023754202929021115,0.00875210330565406,-0.00011129232218620505,-0.0001769023133118225
2023-12-14,0.005165445462220453,0.005165445212193868,0.005706370449445611,0.00609834123695049,0.004735658669757098,0.00472218768375337
2023-12-15,0.023247869932073603,0.023247869923916788,0.021752554055258447,0.021046407902140667,0.021930180952010617,0.0219002186510417
2023-12-18,-0.0005299214229282662,-0.0005299214284393005,-0.0019082624471616963,0.004282762141944831,-0.004794989307755342,-0.0048881616167042695
2023-12-19,0.010223604787316832,0.01022360478273929,0.008828115765859538,-0.00670318725740225,0.008308988627005456,0.008273384837542789
2023-12-20,-0.03393028436991127,-0.03393028437439763,-0.025693003174685314,-0.03899241545376619,-0.023860318581663563,-0.02395630960972018
2023-12-21,0.013597890866545783,0.013597890861734083,0.01240181694699996,0.013710007513228083,0.008348332911240415,0.008241940801821624
2023-12-22,0.01459393001112434,0.014593930008438309,0.011162124662696482,0.016954068882877097,0.011651535932855955,0.011647146825032156
2023-12-26,0.013298543010704187,0.013298543006043217,0.01355778238840374,0.011323841918014228,0.010021829991078259,0.009997684393840151
2023-12-27,0.01331067139469899,0.013310671392926325,0.010135985798198086,0.013851044266252206,0.012137127398465213,0.012125391686843378
2023-12-28,0.024129511019607742,0.024129511018452635,0.02235343308683243,0.009965798073624545,0.01655796314565,0.01650348511030803
2023-12-29,-0.006761848105046562,-0.006761848106105034,-0.011000795109315521,0.006495088903662835,-0.009216680989180671,-0.009269608978783744
2024-01-01,0.0024023213806780366,0.002402321379218062,0.0021202532365606898,0.0,0.0006439933495448163,0.000560213770612079
2024-01-02,0.0060350201465885845,0.006035020145363711,0.006846931268314033,0.005736822315925679,0.0046221077717142605,0.004600199566616066
2024-01-03,-0.02094893773996084,-0.02094893774638202,-0.013842274804144952,-0.018299750626639907,-0.01823924024889946,-0.018256595733470802
2024-01-04,-0.005199275102409508,-0.005199275110479092,-0.001727457002465389,0.0005900348718021755,-3.3873008077212096e-05,-9.604990013915119e-05
2024-01-05,-0.001675248258516641,-0.0016752482594230803,-3.6120407062987464e-05,-0.0014281319328359695,-0.0015883593347636644,-0.001590985257915881
2024-01-08,-0.008904233368679064,-0.008904233370683962,-0.005265528894005994,-0.015981056461701268,-0.004554246735484282,-0.004583833856996517
2024-01-09,0.003652557569231818,0.0036525575672614564,0.0029861140582078463,0.00788157384061471,0.0038111383879609424,0.003779835805752814
2024-01-10,-0.0005368886394346612,-0.0005368886399415261,-0.005511523090264041,0.009476883872599498,-0.005335530813790231,-0.005336175495911402
2024-01-11,0.004242479123176982,0.00424247912287073,0.004696289417571942,-0.0008249359658317388,0.0023760298726279005,0.002364726192767704
2024-01-12,0.004365769445770773,0.0043657694455412985,0.01074178934853864,0.0028146958660211223,0.012537031025425112,0.012531139739961707
2024-01-15,0.0026033814849828977,0.002603381484760131,0.008267047080303808,-0.004345777906197406,0.008157388145440958,0.008136675740057475
2024-01-16,0.014522034785484202,0.014522034785105947,0.01486010993318916,0.009838146539894031,0.01256314609450675,0.01255540809524191
2024-01-17,-0.019330273849947052,-0.0193302738501663,-0.016778663411433296,-0.031763967796557685,-0.02061012963669088,-0.02062398411349663
2024-01-18,-0.006262111124740047,-0.006262111124905993,-0.0033967573829621683,-0.008412394399794673,-0.00322798056358958,-0.0032939251123227753
2024-01-19,0.01901274490201537,0.019012744901184615,0.020692578074279135,0.013442943675892138,0.021046557336533156,0.02101480470760692
2024-01-23,-0.03655415342252432,-0.03655415344155406,-0.03864694919992028,-0.03226467801171201,-0.03605176417104988,-0.03614302248336509
2024-01-24,0.03139927802031592,0.03139402205003349,0.029789428932066254,0.029194900934563617,0.029579662616353187,0.029498281276704903
2024-01-25,0.0029731396921140844,0.0029514071737030824,0.0014007695861351786,0.00142595127177263,0.0008431295532523549,0.0007618930828170004
2024-01-29,0.018683534490478028,0.01868353417552048,0.02832317017596336,0.015948022761027338,0.030995858401731805,0.03097914643408767
2024-01-30,-0.003603270767398332,-0.0038012372041786565,-0.0011160102622446736,0.0025783465128081276,-0.000181783764725132,-0.0003155055848515915
2024-01-31,0.0065917386569886525,0.00659162945292674,0.006754513667385692,0.013778005175419468,0.008264102123977095,0.008255457626685243
2024-02-01,-0.003959008625113463,-0.0039590086812905274,-0.004229029923376064,-0.010344206920072976,-0.008062765487933415,-0.008101688664651089
2024-02-02,0.04354626820945098,0.04354626819959804,0.046307321028575134,0.023446083816640487,0.0419885511326802,0.041965640766932225
2024-02-05,0.026561893048511313,0.02648905625129027,0.023906559752909513,0.003867090533725954,0.01439581544436304,0.014251379549041593
2024-02-06,0.028312199345718,0.028312181126719446,0.029480987910972666,0.01574558727448833,0.022225031703654398,0.022189662790118008
2024-02-07,0.008184723696550681,0.008184723683354657,0.005467882558577851,0.0046504016277846075,0.006242309853768776,0.006197211100646611
2024-02-08,0.009961170086392815,0.009961170080746621,0.010432219737795182,-0.006643147290498588,0.0046901511232162,0.004679258721192187
2024-02-09,-0.020842617883883644,-0.020842617899425864,-0.019438914535698928,-0.015474480789559323,-0.014412247535446038,-0.014425277600550259
2024-02-12,-0.029813045797066805,-0.02986346660439894,-0.030292367524791874,-0.024249130207665094,-0.026125166967906142,-0.026143217378543186
2024-02-13,-0.010251432579713905,-0.010251432586788269,-0.013355243156901226,-0.020947702208070962,-0.01857401220807998,-0.018635017830622786
2024-02-14,0.02688723710426988,0.026887237097445144,0.02887585503132708,0.017543878904520364,0.02126622831206301,0.02117248473005937
2024-02-15,0.019410079132412276,0.019410079113879604,0.02029065727497725,0.0045358818364410886,0.013887222507857466,0.013842210909776909
2024-02-16,0.0021702520325391616,0.002170252026865938,0.0030471572637032662,0.008289830213928644,0.006589522969302805,0.006579548856998183
2024-02-19,-0.007707524901142765,-0.007809431882101293,-0.006355701060760358,0.0,-0.009838172592347923,-0.009841121287746174
2024-02-20,-0.002256635472220613,-0.0022566355146290584,-0.001557873932365417,-0.002592276946325166,-0.0033977376704979433,-0.003426779342732773
2024-02-21,-0.01609049678772491,-0.016090496792227123,-0.012533993024817391,0.002592276946325146,-0.004172875771250195,-0.004191449600170571
2024-02-22,0.005530795210222948,0.005530795205735091,0.005801356532843833,0.011585643161428074,0.011932599070749044,0.011919650577041654
2024-02-23,-0.010043183905663217,-0.010043183916045244,-0.00916379472724226,-0.0026865687167664807,-0.006373449372287402,-0.0063989989628926046
2024-02-26,-0.0058945385291608995,-0.0058945385305968784,-0.006947031296820343,-0.009488507156945195,-0.013122589489614126,-0.013128255652818171
2024-02-27,-0.0017568241629381052,-0.0017568241643866151,0.0001323634949041855,0.003606222804614813,0.005418507317390566,0.005393206548263675
2024-02-28,-0.021558984244890278,-0.0215589842454959,-0.021357955381312833,-0.018952135676894008,-0.018779869788079863,-0.01878479848546516
2024-02-29,-0.0022616737226345838,-0.0022616737236935388,-0.0024567635985812577,0.009072934490310205,2.121904963567784e-05,1.0129360703653006e-06
2024-03-01,0.02977443289757779,0.02977443289503253,0.03362022717580349,0.03553913903474096,0.036693181867574295,0.03666099172357152
2024-03-04,0.017044341762401313,0.01704434176179205,0.018614447178044887,0.013365865671494434,0.014340291340198343,0.01426286523683813
2024-03-05,0.003739138439797095,0.0037391384341366476,0.002650453992990308,-0.0022143142866367887,0.0021513125476604156,0.0021397533317859953
2024-03-06,-0.0009672801649906486,-0.0009672801728103258,-0.001802763834813274,-0.005181663410584673,-0.002823492226167678,-0.002842242795909399
2024-03-07,0.00026256216570807946,0.0002625621636334784,0.0034683004127396755,0.013669074990025969,0.009472050425083093,0.009464564582685452
2024-03-11,-0.005875197583661181,-0.005875197586293698,-0.007821659107984501,-0.014505060411216977,-0.009481660958879302,-0.009502163853475033
2024-03-12,-0.009942206430924165,-0.00994220643283858,-0.008917780326395371,-0.01740355598536293,-0.010161949827436657,-0.010185333231048872
2024-03-13,-0.05228996035022669,-0.05228996035446621,-0.05241348022278752,-0.05853484130127282,-0.05180230404626651,-0.05180953095276987
2024-03-14,0.0218373584196464,0.02180195892085152,0.019050206647756175,0.019751640439932317,0.01561035232445119,0.015535225512962497
2024-03-15,-0.02344063782314922,-0.023440637865965393,-0.019737216114896268,0.00034605861091029083,-0.010421334406334333,-0.010476078690420939
2024-03-18,0.011639642493387423,0.01161049492382893,0.014376744286661077,0.02459054730082197,0.019017828408505487,0.018995237562133387
2024-03-19,-0.014745030386449478,-0.014745030390912139,-0.014259458401895889,-0.00920829403942542,-0.008138466914929181,-0.008200549823300375
2024-03-20,0.004190770840729731,0.004190770800969477,0.0019586880947981035,-0.007944569051310713,-0.002915611987025667,-0.0030100651377244192
2024-03-21,0.024679139464654422,0.02461763473273009,0.025109515985776366,0.024112556720406946,0.022460233240706246,0.022450075444270853
2024-03-22,0.008169168337491099,0.007882529160353346,0.007799970719235563,0.009645647681138061,0.008705676206083684,0.008653756416304054
2024-03-26,0.007147053653089708,0.007147053648114461,0.009072626142126465,0.003731945237936451,0.007997252705864188,0.007990704630211327
2024-03-27,-0.006901385742026966,-0.006901385759003265,-0.007006074106993917,-0.0007661121227814756,-0.006682018559978848,-0.006702413791261384
2024-03-28,0.01478170800586082,0.01478170798595772,0.013667737335831273,0.01246044187138592,0.014127449410088491,0.014095906891164451
2024-04-01,0.025277701982484406,0.02527770197776035,0.020105295716408685,0.036330013121580705,0.024258844477381514,0.02423342632975944
2024-04-02,0.009472548391998138,0.009472548390126567,0.012555826300072648,0.014855119336515657,0.00858455995127387,0.00853248661295896
2024-04-03,-0.0008483170188770203,-0.0008483170222522411,-0.0005156948899161095,4.033884858077793e-05,0.0006868504305629861,0.0006740704691913183
2024-04-04,-0.006404906543112079,-0.006404906544992203,-0.009580730000453702,-0.0007769493731521583,-0.0054075963041424055,-0.0054520825472402345
2024-04-05,-0.006048403295528863,-0.006048403298674674,-0.0073531192483897384,0.0016797092424009905,-0.006685744077536636,-0.006695856734690882
2024-04-08,0.010288680735532945,0.010288680732214183,0.010228735899319219,0.01092982463178954,0.010410785907776526,0.010405099379079725
2024-04-09,-0.002669298655099548,-0.0026692986694564747,-0.0026015057454336563,0.011278282659538126,-0.000751512880426299,-0.0007601862665482798
2024-04-10,0.016975514484813162,0.016975514483029926,0.019063749444515575,0.011758179364233323,0.01796415576620356,0.017961270904400164
2024-04-12,-0.01162532163615354,-0.011625321641974164,-0.012088745846201667,-0.005381337183390838,-0.011386532200161958,-0.011406770439301816
2024-04-15,0.0008518997629489182,0.0008518997550126371,-2.9656684719379834e-05,-0.005781161065225686,0.004207114883639061,0.004193381178725678
2024-04-16,-0.0016538543912430592,-0.0016538544058740936,0.0010906967375383593,-0.005379794454599391,-0.0025518430980588118,-0.002565804697271775
2024-04-18,-0.011129948066155118,-0.011129948068592618,-0.009097425566664966,-0.003134182424001931,-0.010802729329535833,-0.010816471439017586
2024-04-19,0.004844863324054451,0.004764645422209025,0.0021836647224510487,0.009558388366341066,0.006055089563829976,0.006018036076181125
2024-04-22,0.007114823038929503,0.00711482293661069,0.010127563165188185,0.002488784489920965,0.004952242439027831,0.004908766679942663
2024-04-23,-0.006888394853819879,-0.006888395165430004,-0.008266426518347397,-0.003448927026670304,-0.0060397608196883015,-0.006049979320985732
2024-04-24,0.01951564149445745,0.01942000380256913,0.017460703276092653,0.02656942438598879,0.022976324952000873,0.02294819048727856
2024-04-25,0.016887238666142362,0.016887238643295027,0.015603454672886003,0.011087028860328493,0.01683802136900198,0.01675277956167672
2024-04-26,-0.002041161885979776,-0.0020975335584129252,5.563987199247742e-05,-0.002095855166341297,-0.0031439262400161567,-0.0031796125543514706
2024-04-29,0.00886801803933766,0.008818742321245859,0.008689876490982507,0.004991443006451705,0.004610027983314004,0.0046054894335786365
2024-04-30,-0.015386986473046647,-0.01538698647952788,-0.014533976346047531,-0.010084337973799597,-0.008249806998733962,-0.008339538398597857
2024-05-02,0.011247064386188062,0.011247064382571375,0.012607174857886762,0.011243470881041951,0.005384691145737062,0.005348744288498989
2024-05-03,0.003015378302426657,0.0030153782995448633,0.0026537727713991303,-0.0003502938535986335,0.007892712680764141,0.007880580482097057
2024-05-06,-0.012194929678155254,-0.012194929684402004,-0.014448447190062594,-0.009374006826300175,-0.009903079004526628,-0.00992364669408205
2024-05-07,-0.023518889139616486,-0.023518889151532853,-0.02363991901898685,-0.024214161230562022,-0.022984374473546523,-0.023083741446618452
2024-05-08,0.015877111115379126,0.015816262102471605,0.016627757586311166,0.014658007742673416,0.015386753734089651,0.015355742888187895
2024-05-09,-0.03608687531847068,-0.03608687532491622,-0.03708982877697368,-0.029104309659577464,-0.035859058821094164,-0.03590152557728031
2024-05-10,0.01490988279931269,0.014902787670246933,0.017893491419992198,0.015287630011174202,0.017193482970377823,0.017153740043693518
2024-05-13,7.444514546366132e-05,7.444514357851858e-05,-0.002562683278951618,0.01298690076942595,-0.00031396357779050316,-0.0003435634599005376
2024-05-14,0.012369349256855863,0.012369349253965862,0.01280995433563197,0.027368725643646317,0.01578039924032535,0.015769448448100194
2024-05-15,0.013214941227806875,0.013214941225659341,0.01326203903754978,0.003177733854940527,0.010017350133984212,0.009989304030800419
2024-05-16,0.004897259878519306,0.004897259875939602,0.00448573135200519,0.003034774302182788,0.005642860343405338,0.005539687984472737
2024-05-17,0.009940070428569835,0.009940070300939987,0.008782081388394534,0.01608925540749013,0.009281237257425069,0.009225711563386012
2024-05-21,0.03195104421467737,0.03195104421347263,0.02984369260208881,0.04332506392512342,0.030551317832276374,0.03052163982873632
2024-05-22,-0.0003740819043313808,-0.00037408223059526063,-0.002556762466962446,-0.006200857380850416,-0.006116019801108758,-0.006147792769554554
2024-05-23,0.0020692282024396347,0.002069228200995382,0.004272646990393337,0.004024372897819445,0.004641646305756692,0.004598057027812911
2024-05-24,2.1568951447976307e-05,2.15689507610797e-05,0.0005509583549717662,-0.0031224922754909137,-0.0011529925800174787,-0.0011622948419049443
2024-05-27,-0.0027064404551517857,-0.002706440455785009,-0.003777240375354781,-0.006264291662442011,-0.0045140155823175454,-0.0045474480068944025
2024-05-28,-0.005172324838824233,-0.005172324839792321,-0.006291907349385948,-0.005218182801416112,-0.0045935396773383865,-0.004601819870789648
2024-05-29,-0.0023304614288066263,-0.0023304614307156613,-0.002691755597310532,0.0026607726349735816,-0.00025789108518874863,-0.00026590061309912205
2024-05-30,-0.024423227969930433,-0.024423227973962205,-0.02199221007440847,-0.030534026136510507,-0.021848356283048626,-0.021876754188120854
2024-05-31,0.006287160691019045,0.006287160686526649,0.003178794286675888,0.018512231541534554,0.0006594548262550601,0.0005884908271025953
2024-06-03,0.04623588887418572,0.046235888869556784,0.048496142380141265,0.03287244595241226,0.043919672586953167,0.04390379769630315
2024-06-04,-0.11111879312165135,-0.11111879312737626,-0.1202735925853468,-0.11241169659256721,-0.11815464671341744,-0.11823313392526003
2024-06-05,0.04460628052575511,0.044562394511669094,0.04189018561456726,0.05591716921739494,0.043266050040951395,0.04286400823088066
2024-06-06,0.013227677526975302,0.013227677269924663,0.011397806973287265,0.01420899884127188,0.00676095557125135,0.006712934999384783
2024-06-07,0.01886047194569981,0.018860471660190215,0.020668989472694778,0.020662255712353077,0.021025252762048786,0.021025125483397373
2024-06-10,0.0007694057309391915,0.00030365690557807094,0.0012809540652327833,-0.0038462665068209716,0.0023981537841917472,0.0023917121218762784
2024-06-11,0.010028425275094089,0.010028424510904478,0.009711094744807042,-0.0006433164595299494,0.001462086850381471,0.0014589823340678918
2024-06-12,0.0102007057977474,0.010200705729315808,0.009068089278023604,0.004972504108480184,0.008185558932148748,0.008181477248513137
2024-06-13,0.0025675867968988834,0.0025675867932499537,0.003306527231350196,0.0001931428728294782,0.003951195508852919,0.003947825716217167
2024-06-14,0.0023278431067942683,0.0023278431058157655,0.00389575543332768,0.007275076402832733,0.005135126344713361,0.005065279617225117
2024-06-18,-0.00014732421251501676,-0.0001473242152071868,-0.0008190429886941819,-0.002211806023170408,-0.0014425192129371327,-0.001462086497594835
2024-06-19,-0.016105359743167947,-0.016105359745648615,-0.01733985690364109,-0.011890229906119517,-0.017087440979865875,-0.017115619488076796
2024-06-20,0.011975518756408551,0.011975518753931233,0.013065111004225081,0.01802389589468667,0.01538175703083433,0.015356844080761968
2024-06-21,-0.0006045880351339004,-0.0006045880398749927,-0.002786592799694397,0.0039966641770453675,9.751427391001158e-05,7.041081315260311e-05
2024-06-24,-0.005819094845460808,-0.005819094902646627,-0.004845529998388867,-0.006431549952915969,-0.005510237298951475,-0.00551863205545287
2024-06-25,-0.01091911753597214,-0.010920327279656306,-0.011435312281810859,-0.007015633547360916,-0.010933853344719496,-0.010955650262536717
2024-06-26,-0.006373071152196857,-0.006373071277798755,-0.005311402190258905,-0.014628527688207134,-0.008231978371574536,-0.008250128610033143
2024-06-27,0.009947984590728544,0.009947984574184604,0.009010704340527797,0.005451343250834119,0.012386557721634217,0.012378719513808164
2024-06-28,0.005558761256133905,0.005558761238286237,0.006565841858345072,0.004790136022086178,0.0026479779511368443,0.002621409242084587
2024-07-01,0.0022231998051127294,0.002223199792208347,0.0030407504387229807,0.006955366780999766,0.003991839106807922,0.003988455900510875
2024-07-02,0.0031176958887906316,0.003117695883690019,0.0032915171606592427,-0.004777209113218709,0.0024461912663782635,0.002415208062564006
2024-07-03,0.00732051052482879,0.007320510508891993,0.006228538943444019,0.010558398139175905,0.00709383122499262,0.0070745532839470646
2024-07-04,0.000896016794775486,0.0008960167882204111,0.0006662292682933117,-0.00033202408978127166,-0.0009454834542753679,-0.0009494140645402786
2024-07-05,0.010964496633215316,0.010964496629512575,0.010517244414199637,0.0033857155752349895,0.00536934488089464,0.0053552295049236745
2024-07-08,-0.0008953149245787364,-0.0008953149296233862,-0.003174743032570217,-0.009386515555914335,-0.010283645483440752,-0.010286122047357961
2024-07-09,0.0011150509736235388,0.001025484604384147,0.0031174650870871004,0.0004606228809759756,0.004856462980404695,0.00482972034554072
2024-07-10,-0.009034832249607563,-0.009068326524555623,-0.007814534698195073,-0.01623121774779269,-0.011023032135727438,-0.011026272843532347
2024-07-11,0.011459524518099475,0.011459523549134674,0.012199662964996486,4.630198082404927e-05,0.008999496697184394,0.008990611960616821
2024-07-12,0.0008678116186712705,0.0006763182285692789,-0.0009317403338261176,-0.0015490153895358588,-0.001581764897837597,-0.0015985219521181544
2024-07-15,0.00854257114368142,0.008458336020554309,0.010780607296157138,0.002201835899436133,0.003649526106846857,0.0036425374683523525
2024-07-16,0.009518007927816959,0.009518007921591787,0.0076144363572239315,-0.0007813866123389284,0.0058389697585545745,0.00583335070744698
2024-07-18,-0.0012448535447366171,-0.001244853551566678,0.000744701634782458,-0.008786669837147213,-0.0037009219844374285,-0.0037093303214833034
2024-07-19,-0.03961601090769283,-0.03961601091374481,-0.040212203305008416,-0.04030030911165746,-0.04144055078189597,-0.04144956917242338
2024-07-22,0.008883432041928572,0.008883431896235673,0.009971861934177253,0.010136090914857827,0.011012696333243487,0.010948233285523707
2024-07-23,-0.007149752902941205,-0.007150962219929956,-0.01074688039455978,-0.009401746907145627,-0.009231833313386261,-0.009233792787504223
2024-07-24,0.009027159967066245,0.008945963544849948,0.00888491466660262,0.00043720741107391867,0.004608682226227756,0.004603151619706666
2024-07-25,0.015470719228726426,0.01547071878390273,0.013947375566235019,-0.012940654932710382,0.005179639534664747,0.005169053662969981
2024-07-26,0.01594260602347935,0.015942606018342017,0.017005742849838284,0.029660722941913874,0.023211488623717032,0.023197435569648782
2024-07-29,0.00828578478436855,0.008285784778595654,0.00797860958436645,0.0028504672637208223,0.007188882998599912,0.007134161561090812
2024-07-30,0.010046668035223779,0.010046668032533904,0.008112378204934063,0.001908149970869349,0.007652447743023472,0.007639385917420835
2024-07-31,0.008130093501351538,0.008130093497665549,0.008652256092778457,0.012077859496338945,0.009651953655589976,0.00962553549197986
2024-08-01,0.006817150155084421,0.006817150151357096,0.005984498625888223,-0.0010649275930476325,-0.00019487783585212578,-0.00020857927672336565
2024-08-02,-0.026681612702739686,-0.026681612704543212,-0.02725497906398735,-0.027389875500986736,-0.027058157354200384,-0.027059809924807384
2024-08-05,-0.041803236679992965,-0.04180323668281697,-0.042734161595250786,-0.0497487808810973,-0.04159330797527128,-0.04163250629482988
2024-08-06,-0.005901642175448837,-0.005901642179857367,-0.007109772370227832,0.0029800624282886163,-0.0042000847610582604,-0.004248920234377271
2024-08-07,0.04023688665557698,0.040236886653689484,0.037361096116056126,0.026586977314759504,0.02651555578341859,0.026514033994501533
2024-08-08,-0.017682977922646368,-0.017682977929726323,-0.017488573609315383,-0.01759387106640458,-0.017503968868437282,-0.017564689946091037
2024-08-09,0.012569836010678731,0.012569836007415524,0.014582998421871869,0.007669021478220741,0.011991125848715324,0.011991119214450379
2024-08-12,0.004554566388859914,0.0045545663711857075,0.005810399296920057,0.0074899089482677655,0.00515695003771334,0.005156303517040909
2024-08-13,-0.018095931070193444,-0.018095931072346125,-0.018626244639076344,-0.016508851319557497,-0.02198581157341051,-0.02198896990929791
2024-08-14,-0.01628733010919691,-0.016287330111398816,-0.012333715447153748,-0.012678978002789512,-0.00687684285142859,-0.006915956781055839
2024-08-16,0.019597259594599733,0.019597259593811332,0.01939642211725175,0.016795601739884133,0.021315785740438884,0.02129339168701313
2024-08-19,0.019602984353091005,0.019602984351576026,0.023462724491507318,0.018490296064802608,0.025328864148025623,0.025303131511245112
2024-08-20,0.0026613045646148325,0.00266130454626281,0.005472795119071949,0.004649774142538552,0.009472888326826225,0.009461325743795893
2024-08-21,0.004033077139557938,0.004033077137729225,0.005251099632137525,0.006432463383591051,0.006211639390796004,0.006209481333888933
2024-08-22,0.0007435248413882923,0.0007435248403714042,0.0003067070379577357,0.00669170783373984,0.003656423072633878,0.0036535392764488364
2024-08-23,0.003965843071262197,0.00396584306971556,0.0028222555597193747,-0.0038406321129147935,0.0024095262195406347,0.0024094860036826403
2024-08-26,0.01005366943809495,0.010053669435815846,0.013823356690714616,0.02132526736689687,0.014138848346048633,0.014137146105165777
2024-08-27,-0.00800436660213239,-0.008004366604870767,-0.007911800904800433,-0.006129963444331445,-0.00935230122880935,-0.009355156399892386
2024-08-28,-0.0019654279043096095,-0.0019654279103871984,-0.0015978156879116786,-0.0019047781728367204,0.00016514305873074637,0.00015457042487634903
2024-08-29,0.004156894849914061,0.004148246409049074,0.003942153475486224,-0.004775117539041714,0.003506555539205994,0.003505413122533764
2024-08-30,-0.00012840360217742958,-0.00020216124205885494,0.0005665421211729344,0.003760263103878944,0.0010724305261729577,0.0010319710036779102
2024-09-02,-0.0014415480250728123,-0.00144154802872127,-0.0049519325909653045,-0.010485080059863702,-0.002786991751302718,-0.0031890846391445867
2024-09-03,-0.008654813944198715,-0.008654813947305641,-0.008602506679917233,-0.005646030710471513,-0.008784566813364083,-0.008909861955200568
2024-09-04,-0.009285880817859108,-0.009285880826874293,-0.00964594817914803,-0.007510779468048114,-0.0058665601437741495,-0.005934561166466301
2024-09-05,0.00038569399347333766,0.00038569399003944864,0.0015550993586263223,0.002983970431130911,0.004183819030040055,0.004056624376998823
2024-09-06,-0.010308710655300653,-0.01030871065796645,-0.010776459481028674,-0.00563836490134271,-0.011373567753891835,-0.011382884310124753
2024-09-09,-0.010570372189008238,-0.010570372205475197,-0.011973611514600366,-0.006807241922089242,-0.008882963378389,-0.008941085143783464
2024-09-10,0.0019624666081407755,0.0019624665999524575,0.000615364497277971,0.006266749408198143,0.0018147080248419407,0.0017782583464710058
2024-09-11,-0.019741190545928725,-0.01974119055900705,-0.01980627815467646,-0.01407823313839815,-0.01797039824288808,-0.01797742438172209
2024-09-12,0.024407144885288428,0.024407144875087928,0.02600919820669314,0.02867696918432158,0.024003331933978852,0.023970362819939015
2024-09-13,-0.001636153836786513,-0.001636153845285785,-0.0027475686126674894,0.008552503032496541,-0.0007984878703385834,-0.0008555291719346288
2024-09-16,0.004233433624603968,0.0042334336167350085,0.005172947658037906,0.006069679313009199,0.003923222271975955,0.0038722451852395774
2024-09-17,-0.00598734161858493,-0.005987341625325579,-0.00511528864845618,-0.004203887860688971,-0.007463479417984615,-0.007479752582684729
2024-09-18,-0.009594890962889508,-0.009670779015258875,-0.00793988314089625,-0.008300152484913495,-0.008154465775759644,-0.00816205424878107
2024-09-19,-0.014307981175944177,-0.014307981187829319,-0.015699335605705387,-0.0063948508765629564,-0.016934159821980085,-0.016953608186643744
2024-09-20,0.01938485038190492,0.019384850368064994,0.018376401002397857,0.01641371676713375,0.021200683719023766,0.021174462380476718
2024-09-23,0.014480570977646885,0.014480570971897623,0.013644299722297549,0.005360785328758033,0.011686531269419716,0.011643979589638266
2024-09-24,0.01498676005037128,0.014986760045529823,0.01613271617268455,0.029240970910965086,0.015324363157967176,0.015265860607412796
2024-09-25,-8.359491433275685e-06,-8.359494381566803e-06,0.0002395758834066325,0.004279303529308364,0.00034607733011972775,0.0002903259251690989
2024-09-26,0.01116093337155831,0.01116093335885126,0.012094821447443366,0.021106018639302074,0.01622190249913487,0.016216263217401976
2024-09-27,0.016169579834450665,0.016148364944445014,0.022223691217037406,0.007870188683687725,0.026648426359817026,0.026602029851737923
2024-09-30,0.006666795406549622,0.006666795405445503,0.00710732658492725,0.013201626385085747,0.008547682056819963,0.008427933595821327
2024-10-01,-0.006661509248992264,-0.0066615092737324615,-0.0053949402447062275,0.0024093077397455242,-0.0046079472253211205,-0.004624232585409559
2024-10-03,-0.01031362654864343,-0.010313626550262016,-0.01687290095821248,-0.006669016903653895,-0.018482651961911258,-0.018502225643613656
2024-10-04,-0.005083271905213651,-0.0050832719070679116,-0.006514938034537073,-0.004124674469972235,-0.008745236068523727,-0.008818602860154736
2024-10-07,-0.023861835361286953,-0.023861835363374283,-0.02240423536096044,-0.022691579950152693,-0.022800792216619674,-0.022826940217608213
2024-10-08,-0.0030004773901834963,-0.0030661521490516035,-0.0011539785627531318,-0.009334021948609704,-0.004666150833204201,-0.004706200974107117
2024-10-09,-0.003943135043031121,-0.00394313504593489,-0.002877135973794932,0.0006429946968398873,-0.0020246726065414134,-0.002054024673853354
2024-10-10,0.0035608484749215493,0.0035321667561633366,0.00165851850022837,0.003991736238918015,0.0023937051491286316,0.0023881678606855155
2024-10-11,0.005965313465367791,0.005965313455273206,0.007954807706871597,0.009381714485549435,0.005412422871298239,0.005393698307614975
2024-10-14,-0.0002540654040352622,-0.00025406540751780443,-0.0009868883501353558,-0.0027926839344063164,0.0012680396008510598,0.0012253633248416613
2024-10-15,-0.006463147169695729,-0.006463147176790944,-0.004308853951699435,-0.01453728080475012,-0.002888785993630345,-0.0028976115195097608
2024-10-16,-0.00023050413435694476,-0.00023050413977729293,0.001630343314761313,-0.002086738884504588,-0.0001291830957336339,-0.00021646032343104057
2024-10-17,-0.014551488953463301,-0.0145514889575637,-0.014193803303550587,-0.01430889139402507,-0.016082730172831974,-0.016096196158043138
2024-10-18,0.011202241097741861,0.01120224109579557,0.010636674261727102,0.015560476011930918,0.010803738802767705,0.010761262619743495
2024-10-21,-0.016777020011561148,-0.01677702001525677,-0.019202023762025344,-0.015196084352345731,-0.018159295651824173,-0.0182048638904225
2024-10-22,-0.02764921833125119,-0.027649218347959675,-0.02705538178079451,-0.030437316642785744,-0.027211005350242942,-0.02728876563433696
2024-10-23,-0.00487803517654308,-0.004878035181299044,-0.0038950052855070733,-0.002530327091579906,-0.005046469533204298,-0.00513063749891061
2024-10-24,-0.0011139697395637388,-0.0011139697436965707,-0.005002741618709466,-0.002348017305867468,-0.0013901198171532782,-0.0014116957514741283
2024-10-25,-0.027681411658302665,-0.027681411662405283,-0.0288175923698283,-0.02450674922128793,-0.030796152429674067,-0.030840148345785422
2024-10-28,0.003346564986330844,0.003346564983295592,0.005907854483597894,0.025040409775209677,0.008015630465037149,0.007920206027806496
2024-10-29,-0.0022875198925970267,-0.002287519894534284,-0.0006758305629664033,0.00648325006736574,-0.0006672685651938228,-0.0007415626006679131
2024-10-30,-0.003097244233070251,-0.0030972442353072883,-0.0037922992665500445,0.00039614107468496473,-0.002501455644947029,-0.002568875770241419
2024-10-31,0.0025873330458718283,0.002587333031897269,0.002385915821508083,-0.0016712559905159813,0.0024403004728157643,0.002222468973650652
2024-11-01,0.009713627980388797,0.009713627976000585,0.009855633066532078,0.006779925400174209,0.009399840609587469,0.00939215888345372
2024-11-04,-0.02486647573720603,-0.02490369124121621,-0.025573322719756188,-0.01582148930409521,-0.023756576828112524,-0.0240008790562052
2024-11-05,0.02615245741295468,0.026152457402845653,0.024037456710148033,0.028004367776012503,0.02500421475713025,0.024934180553173826
2024-11-06,0.011479276693402134,0.011479276687772101,0.013834801850444287,0.01576600681962253,0.010273724803432934,0.010204715634231542
2024-11-07,-0.01835797889851272,-0.01836076430949777,-0.021434434397722215,-0.02767738612524428,-0.015523048330430486,-0.015541369887292078
2024-11-08,-0.014275544237540645,-0.014281903363478874,-0.012865509438232985,-0.008977746211734364,-0.014391834618460334,-0.014481847846700804
2024-11-11,-0.010006609848882067,-0.010082331154851683,-0.007863393598340183,-0.010002743425055072,-0.012360821896699854,-0.01238371335416049
2024-11-12,-0.011079375966537528,-0.011079375972338271,-0.00975023654725829,-0.015059249593138712,-0.01121630391795618,-0.011236921366763202
2024-11-13,-0.023218799086009906,-0.02321879908960996,-0.02311207272882156,-0.02698981873660483,-0.02141633107405705,-0.021465572709774144
2024-11-14,-0.0027291447804803763,-0.0027291447993141836,-0.005496398347382551,-0.0009113614604402018,-0.005052755510407793,-0.005083232364332334
2024-11-18,0.008829538917470757,0.008829538904622477,0.006364094444499736,0.018844528709509315,0.004602478897190945,0.004589102362108572
2024-11-19,-0.0047750516100217326,-0.004775051616293451,-0.0049814747570686765,-0.008517189541069753,-0.00213592621463277,-0.0021670621179060113
2024-11-21,-0.008832408824399821,-0.008832408834594765,-0.008673267823425153,-0.02301406656696345,-0.010943550460044369,-0.010952415411556367
2024-11-22,0.019052032578826726,0.019052032568450325,0.017033812797569377,0.014666937225080392,0.0196802420702126,0.019642385749905022
2024-11-25,0.011567910784216009,0.011567910772321471,0.016441040603907945,0.004151327429467886,0.014070501252377743,0.014045307931267655
2024-11-26,-0.00019686769375343316,-0.00019686770074622587,-0.0011331791747549447,0.0037866071012348707,-0.003162481752556856,-0.003189734326907574
2024-11-27,0.006037009792867189,0.006037009787776227,0.0036529166590451617,0.007892044708209903,0.003957375773515533,0.003951237448048556
2024-11-28,-0.009891234956825087,-0.009891234959009768,-0.010046166689984867,-0.002506657987368,-0.009270343946554141,-0.009288353910285029
2024-11-29,0.008578392235446788,0.008578392233276546,0.008617801352589705,0.007683905622771693,0.009223418392518539,0.009219959270941708
2024-12-02,0.009443530948679418,0.009443530946008673,0.008964634359900667,0.010964641379655108,0.011833083408524646,0.011832165542798116
2024-12-03,0.007697145323171838,0.007697145313772924,0.0072225088774549384,0.012258185307872715,0.006639358791633778,0.006612703431344761
2024-12-04,-0.005058334076459261,-0.00505833408046342,-0.004898079651019853,-0.0017482235484606301,-0.006135156374871621,-0.006157596429636232
2024-12-05,0.004089874487052809,0.004011318939296001,0.0056020573750500775,0.005687998734624502,0.00577431239318933,0.005763622321148031
2024-12-06,0.004769080956130351,0.004765762286942933,0.00473574201073669,0.01224865427711362,0.002910199809592447,0.00290666931594443
2024-12-09,0.002292749371378898,0.0022643681414016735,0.0029543098486876666,0.006163649414133502,0.002819294487586458,0.0028144522821453902
2024-12-10,0.0011917710883071067,0.0011917710736488838,0.00028267395646031687,0.0021235055774922813,-0.00047396392491843035,-0.0005179956321256863
2024-12-11,-0.0010980955353031088,-0.0010980955420361502,0.0011262957413950391,0.000875656076839658,0.0001956937767043514,0.00012601420742717697
2024-12-12,-0.006111825500940527,-0.006111825504536911,-0.007758200657398208,0.002537951053125351,-0.0069097303827951205,-0.006913714046086163
2024-12-13,-0.0003427220403832043,-0.0003427220575229382,-0.0009311073704166367,-0.0072254513306259475,-0.002558470803318127,-0.0025725901564068116
2024-12-16,-0.007210254743905228,-0.007210254745838314,-0.008539981218851205,-0.009746131543679527,-0.007671521300902787,-0.00767703229079653
2024-12-17,-0.019293640141943763,-0.01929364014514669,-0.019016243721624495,-0.016481231085625422,-0.01880885782246637,-0.01883322320432379
2024-12-18,-0.01677552540677009,-0.01677552541554328,-0.01609832363415432,-0.013693159768656536,-0.015500719674188815,-0.015550700721828754
2024-12-19,-0.005815167782090154,-0.005815167799943591,-0.0018821170432005963,-0.010273230335493629,-0.007095760454217188,-0.007140606999626772
2024-12-20,-0.01714150958422456,-0.01719929709060008,-0.017280856836226724,-0.01843178054070464,-0.01807948305927512,-0.018115112942792895
2024-12-23,0.010726263221363802,0.010704133690489368,0.010040937854724662,0.008828290474928124,0.010517332140782218,0.010470180763838204
2024-12-24,-0.005559788647098409,-0.005565907795054626,-0.0038221626796569315,-0.008334881528721716,-0.005111199313247293,-0.005126927406513881
2024-12-26,-0.00048674621695115244,-0.00048687895377427483,0.001993074276426863,-0.0014015453425861883,0.002318524106304202,0.002302525124522236
2024-12-27,-0.01120962247342474,-0.011209622485627416,-0.011205674119471948,-0.009648602178856752,-0.010097306594448125,-0.010146370072744076
2024-12-30,-0.014644992942412737,-0.014644992946366816,-0.013605088603217273,0.0,-0.012108230863357227,-0.012118481668912138
