Date,portfolio_return,var_historical_95,var_parametric_95,var_monte_carlo_95,var_historical_99,var_parametric_99,var_monte_carlo_99,breach_historical_95,breach_historical_99,breach_parametric_95,breach_parametric_99,breach_monte_carlo_95,breach_monte_carlo_99
2023-01-02,0.0007637168394973859,0.03185955899428333,0.030052884329938336,0.030549022294979716,0.05699664412693841,0.04161638581449968,0.042421737023923024,False,False,False,False,False,False
2023-01-03,0.009921163013218992,0.03185955899428333,0.03005347030918982,0.02956584532508745,0.05699664412693841,0.041593270179858303,0.04086660447141644,False,False,False,False,False,False
2023-01-04,-0.018261941071961663,0.03185955899428333,0.0300458133539262,0.030235644671856715,0.05699664412693841,0.041596329896412314,0.041129191390861054,False,False,False,False,False,False
2023-01-05,-0.007184058886758216,0.03185955899428333,0.0301785772636186,0.03052197541543303,0.05699664412693841,0.04174595692464293,0.04197760879322685,False,False,False,False,False,False
2023-01-06,-0.012404718494699263,0.03185955899428333,0.030220470934526792,0.030316240925140986,0.05699664412693841,0.041786498505977876,0.04212270478881118,False,False,False,False,False,False
2023-01-09,0.024990179919116118,0.03185955899428333,0.030229031402979268,0.030427016533447652,0.05699664412693841,0.04179676663507923,0.04227281432236173,False,False,False,False,False,False
2023-01-10,0.0034465036127822035,0.03185955899428333,0.030215092184084896,0.030411953985094338,0.05699664412693841,0.04183647172499249,0.04269038277255449,False,False,False,False,False,False
2023-01-11,0.0022897773492813744,0.03185955899428333,0.030219360455133494,0.03045266054539677,0.05699664412693841,0.0418351852369375,0.04278695432113985,False,False,False,False,False,False
2023-01-12,0.0012692296776730672,0.03185955899428333,0.030016605976359634,0.031057522266393234,0.05699664412693841,0.04159311648383657,0.04182908519988705,False,False,False,False,False,False
2023-01-13,-0.0020281429255003536,0.03185955899428333,0.030014855679326276,0.030038369964317805,0.05699664412693841,0.041591669467029226,0.04130779471477643,False,False,False,False,False,False
2023-01-16,0.012701549016735925,0.03185955899428333,0.030006424449720463,0.03002259410998494,0.05699664412693841,0.041582949788935585,0.04129636792018959,False,False,False,False,False,False
2023-01-17,-0.006271163038622407,0.03153758999217984,0.029093633035478232,0.02893252313335701,0.05365157724945491,0.040412503783110516,0.040238310731177035,False,False,False,False,False,False
2023-01-18,0.017796453501450538,0.03153758999217984,0.029023516305136693,0.028643959186454664,0.05365157724945491,0.04032857333342493,0.04021509529741319,False,False,False,False,False,False
2023-01-19,0.00037196783454507276,0.03153758999217984,0.029040781066209248,0.029491512266653332,0.05365157724945491,0.04036590675820469,0.04164961053073968,False,False,False,False,False,False
2023-01-20,-0.0004959093831599093,0.03153758999217984,0.028895393637152714,0.029137772953949814,0.05365157724945491,0.04019372646477166,0.039882108389514524,False,False,False,False,False,False
2023-01-23,0.009177685756138088,0.03153758999217984,0.028760016980321743,0.02896313079102437,0.05365157724945491,0.040033098403083965,0.040201616753308585,False,False,False,False,False,False
2023-01-24,0.0009857256775196443,0.03153758999217984,0.028694841313214443,0.028084482571393007,0.05365157724945491,0.039972000363775184,0.03839418394169276,False,False,False,False,False,False
2023-01-25,-0.011938489039524436,0.03153758999217984,0.028596375304923694,0.02801682576394185,0.05365157724945491,0.039859054811468994,0.03959730630438535,False,False,False,False,False,False
2023-01-27,-0.008470321813699,0.03093130695999299,0.027904742293317207,0.028410887735153934,0.04741198559703295,0.038949666750236846,0.038374987687953055,False,False,False,False,False,False
2023-01-30,0.011055185558882075,0.03093130695999299,0.02782578248047458,0.0275668912211982,0.04741198559703295,0.03885288492436094,0.038477308757321804,False,False,False,False,False,False
2023-01-31,-0.008946361193189256,0.030258269055852608,0.02748610123449744,0.027179026101621477,0.04741198559703295,0.03844408291861683,0.038702837370983116,False,False,False,False,False,False
2023-02-01,0.009403261466469193,0.030258269055852608,0.027544526057952864,0.02751860873158657,0.04741198559703295,0.038489222835080494,0.038751410405672676,False,False,False,False,False,False
2023-02-02,0.016271324539573584,0.030258269055852608,0.02737624470193349,0.02738264182049912,0.04741198559703295,0.03820542827588741,0.038377035027553415,False,False,False,False,False,False
2023-02-03,-0.0031778351182761844,0.030258269055852608,0.027388797344116797,0.027216518746825537,0.04741198559703295,0.03823813726112422,0.03717604658516591,False,False,False,False,False,False
2023-02-06,-0.007601711641323061,0.030258269055852608,0.027389984154313367,0.027422020591957575,0.04741198559703295,0.03820193821483139,0.037664220557542406,False,False,False,False,False,False
2023-02-07,-0.010872325875925237,0.030258269055852608,0.027312754270304263,0.027260773113928778,0.04741198559703295,0.03810772647427623,0.03790948841826772,False,False,False,False,False,False
2023-02-08,0.015738369554438636,0.030258269055852608,0.02730978945540291,0.027021323145575597,0.04741198559703295,0.038104140911900446,0.03863322649194311,False,False,False,False,False,False
2023-02-09,0.003443026337861088,0.030258269055852608,0.0270793207960817,0.026828367751803757,0.04741198559703295,0.037846724429837275,0.037142508248998535,False,False,False,False,False,False
2023-02-10,-0.005759772255347406,0.030258269055852608,0.027082124340194004,0.026879646392848188,0.04741198559703295,0.03784806760094323,0.03817673743637591,False,False,False,False,False,False
2023-02-13,-0.011586278838089048,0.030258269055852608,0.027111317797020383,0.02691270634998946,0.04741198559703295,0.03785288022219534,0.03746063706608421,False,False,False,False,False,False
2023-02-14,0.009976322251758818,0.030258269055852608,0.027194281968307657,0.027996908710325796,0.04741198559703295,0.037938203215524824,0.03921102972511688,False,False,False,False,False,False
2023-02-15,0.006173662397592539,0.030258269055852608,0.027018503352072194,0.027221844748696506,0.04741198559703295,0.037740372971069774,0.037288750684734515,False,False,False,False,False,False
2023-02-16,0.006135539196889139,0.029747345041995145,0.02661885348416336,0.02685623971764069,0.04741198559703295,0.03724364905518006,0.03622051471782735,False,False,False,False,False,False
2023-02-17,-0.009147427349444293,0.029747345041995145,0.02640915887913754,0.02599673191877369,0.04741198559703295,0.03689133684821682,0.03676470211261865,False,False,False,False,False,False
2023-02-20,0.001846521272037105,0.029747345041995145,0.026463829626805335,0.026499006268029965,0.04741198559703295,0.036951145800947334,0.03670689499814234,False,False,False,False,False,False
2023-02-21,-0.010320763005896572,0.029747345041995145,0.026461572561374675,0.026679640356431493,0.04741198559703295,0.036949251599862565,0.037693048783456674,False,False,False,False,False,False
2023-02-22,-0.018746035125947302,0.029747345041995145,0.02650228664911361,0.02721792559176503,0.04741198559703295,0.03699662461833602,0.03751833318118855,False,False,False,False,False,False
2023-02-23,-0.0031630281642514024,0.029747345041995145,0.026647896771783395,0.026509749654469006,0.04741198559703295,0.037147484324543054,0.036854466113318704,False,False,False,False,False,False
2023-02-24,-0.0016499802201721536,0.029747345041995145,0.026593123680420626,0.026865725853467345,0.04741198559703295,0.0370837983922237,0.03735473545823937,False,False,False,False,False,False
2023-02-27,-0.0076277565534423886,0.029747345041995145,0.026612217680302988,0.02621722219690589,0.04741198559703295,0.03709837373679921,0.03668982959267233,False,False,False,False,False,False
2023-02-28,-0.008326967957819842,0.029058799217942934,0.025834645153857562,0.026389614186176413,0.04058074610094351,0.03607522779206247,0.036330498526196,False,False,False,False,False,False
2023-03-01,0.010205441327706621,0.029058799217942934,0.02573700952856475,0.025895787110984708,0.04058074610094351,0.03586638403717666,0.035972852580709744,False,False,False,False,False,False
2023-03-02,-0.007544856846208869,0.029058799217942934,0.025728261828438678,0.026143755736479403,0.04058074610094351,0.035869283961412465,0.03627470320443648,False,False,False,False,False,False
2023-03-03,0.006184797679888776,0.029058799217942934,0.025763218756907333,0.026047163217728625,0.04058074610094351,0.03590785994886255,0.036021982511592485,False,False,False,False,False,False
2023-03-06,0.008451887371269562,0.029058799217942934,0.02569093149812236,0.02592438967974554,0.04058074610094351,0.03577319494298984,0.03585677926469995,False,False,False,False,False,False
2023-03-08,-0.0031745925330620706,0.029058799217942934,0.02569022782311442,0.024943653888831293,0.04058074610094351,0.03577034938796141,0.03516657517539543,False,False,False,False,False,False
2023-03-09,-0.005987395699768694,0.029058799217942934,0.02567378656737947,0.02583496378678205,0.04058074610094351,0.03575206615411417,0.03521591712995524,False,False,False,False,False,False
2023-03-10,-0.002819321218075266,0.029058799217942934,0.02562680540315928,0.025422750349791294,0.04058074610094351,0.03563045928691861,0.03539843559543245,False,False,False,False,False,False
2023-03-13,-0.00745409434920663,0.029058799217942934,0.02562565709583878,0.02580795264497105,0.04058074610094351,0.035629243813837565,0.03555565155763506,False,False,False,False,False,False
2023-03-14,-0.017480213280084533,0.029058799217942934,0.025672897249336864,0.025859814881663074,0.04058074610094351,0.03567676550046536,0.036750687231208244,False,False,False,False,False,False
2023-03-15,-0.009225009290759978,0.029058799217942934,0.025788988100123825,0.025676579736740493,0.04058074610094351,0.03581635604342119,0.036085013062383695,False,False,False,False,False,False
2023-03-16,-0.008113825297487276,0.029058799217942934,0.025813179868829063,0.025865653873847812,0.04058074610094351,0.035802064021976644,0.03643602643063421,False,False,False,False,False,False
2023-03-17,0.009655221363244815,0.029058799217942934,0.025731589261706485,0.025573204137532987,0.04058074610094351,0.03570176889852994,0.03590415861769058,False,False,False,False,False,False
2023-03-20,-0.024571592207654924,0.029058799217942934,0.025709120916019346,0.02589981293311984,0.04058074610094351,0.03565708616589671,0.03583199659278277,False,False,False,False,False,False
2023-03-21,-0.002042548633415464,0.029058799217942934,0.025935130920554487,0.02608652089350181,0.04058074610094351,0.03592659060312555,0.036204173105445554,False,False,False,False,False,False
2023-03-22,0.0,0.029058799217942934,0.025935660880871986,0.025959955477561397,0.04058074610094351,0.03592712438959309,0.03597290031313775,False,False,False,False,False,False
2023-03-23,-0.013371543747057735,0.029058799217942934,0.025927511840266072,0.02622644529138768,0.04058074610094351,0.03588867488478194,0.03620611008856453,False,False,False,False,False,False
2023-03-24,0.0,0.029058799217942934,0.026015099625767348,0.026319233534386373,0.04058074610094351,0.035987131220816364,0.03663149763789521,False,False,False,False,False,False
2023-03-27,-0.0005531610493577643,0.029058799217942934,0.02601378506619652,0.025939647099225263,0.04058074610094351,0.03598594987715954,0.03582065847387619,False,False,False,False,False,False
2023-03-28,-0.013975389383492742,0.029058799217942934,0.025947300748120905,0.02628135007957494,0.04058074610094351,0.035910537051362115,0.037369211245262164,False,False,False,False,False,False
2023-03-29,0.007156933265209053,0.029058799217942934,0.02600896368093579,0.0260880931139626,0.04058074610094351,0.03598433342264854,0.035378839608178246,False,False,False,False,False,False
2023-03-31,0.017974104570573024,0.029058799217942934,0.026007239722766404,0.02640815624087658,0.04058074610094351,0.03598685222249344,0.03669871933004067,False,False,False,False,False,False
2023-04-03,0.006843667047161439,0.029058799217942934,0.026010714332140333,0.026454670784886603,0.04058074610094351,0.03602691702323875,0.03643065071484957,False,False,False,False,False,False
2023-04-05,0.005165866007227349,0.029058799217942934,0.025906768971531432,0.026311908873788235,0.04058074610094351,0.03591511344988659,0.036598894644208825,False,False,False,False,False,False
2023-04-06,-0.008114767398624267,0.029058799217942934,0.02588996927891752,0.026012080754622493,0.04058074610094351,0.0358734599364116,0.03616160985699572,False,False,False,False,False,False
2023-04-10,0.01786207268898865,0.029058799217942934,0.025941775900590235,0.025430388534897652,0.04058074610094351,0.03592212291474833,0.03508166528888317,False,False,False,False,False,False
2023-04-11,-0.007903654327330978,0.029058799217942934,0.025950156743556635,0.026074474604065135,0.04058074610094351,0.035966614270714965,0.0368490553489803,False,False,False,False,False,False
2023-04-12,0.0049959900910694355,0.029058799217942934,0.025936841481308263,0.025901042334752652,0.04058074610094351,0.03595085826548048,0.03559814773264487,False,False,False,False,False,False
2023-04-13,-0.010479625148050231,0.029058799217942934,0.02575527498444434,0.025418880070174014,0.04058074610094351,0.03573766574980507,0.03494481276272717,False,False,False,False,False,False
2023-04-17,-0.01805830319763113,0.029058799217942934,0.02582449435393498,0.02597738893699122,0.04058074610094351,0.03580992289589225,0.0364388204617726,False,False,False,False,False,False
2023-04-18,0.016316404134783635,0.029058799217942934,0.025781614066974715,0.025888553672054945,0.04058074610094351,0.03575511732294138,0.03592157287326444,False,False,False,False,False,False
2023-04-19,-0.018231452987094054,0.029058799217942934,0.025612410206679183,0.025102685402543682,0.04058074610094351,0.0355786825138023,0.03480897215336287,False,False,False,False,False,False
2023-04-20,0.005681847281251651,0.029058799217942934,0.025749680585373882,0.025607727161142447,0.04058074610094351,0.03574127740209452,0.035634717866599164,False,False,False,False,False,False
2023-04-21,0.014193251751046576,0.027968509065214243,0.025311240858672927,0.025550289817547867,0.04058074610094351,0.03519149232190615,0.03562704892279491,False,False,False,False,False,False
2023-04-24,0.02690204472576463,0.027968509065214243,0.025209334700524763,0.025308525159169364,0.04058074610094351,0.035095495877319215,0.034178407523589756,False,False,False,False,False,False
2023-04-25,-0.00608608251649001,0.027968509065214243,0.025291700574859608,0.025721753360954266,0.04058074610094351,0.03523799240895401,0.03549754422639953,False,False,False,False,False,False
2023-04-26,-0.0029287113511922147,0.027968509065214243,0.025331793993370436,0.02530851084632426,0.04058074610094351,0.03527689143154651,0.035573974671649515,False,False,False,False,False,False
2023-04-27,-0.0004005468089520736,0.027968509065214243,0.02533376144035226,0.02512548286091769,0.04058074610094351,0.035278969466293754,0.03530474925928266,False,False,False,False,False,False
2023-04-28,0.028850044940744057,0.027968509065214243,0.02522466817898504,0.02468842614848456,0.04058074610094351,0.03515020417480102,0.03433008731620547,False,False,False,False,False,False
2023-05-02,0.008308515905386171,0.027968509065214243,0.025312999420163258,0.025822427214145356,0.04058074610094351,0.035322945231568786,0.03580188355708656,False,False,False,False,False,False
2023-05-03,-0.008111327683567815,0.027968509065214243,0.025150575693860845,0.02535530735098472,0.04058074610094351,0.03513861657650865,0.035408710642442845,False,False,False,False,False,False
2023-05-04,-0.003894033762569693,0.027968509065214243,0.02520717478840383,0.025086251733690498,0.04058074610094351,0.03519469052297533,0.03550426529843382,False,False,False,False,False,False
2023-05-05,-0.010946055906032037,0.027968509065214243,0.024981013196090456,0.02524466665875143,0.04058074610094351,0.03491134644329069,0.034690045666339576,False,False,False,False,False,False
2023-05-08,0.0023715300233526637,0.026692673164234713,0.024778997386248374,0.02533071953118191,0.04058074610094351,0.0346529116018892,0.03500523829160254,False,False,False,False,False,False
2023-05-09,0.005257588528531754,0.026692673164234713,0.024739157243608992,0.02478453590605402,0.04058074610094351,0.034611207735762005,0.03624860339963581,False,False,False,False,False,False
2023-05-10,0.0032688175754385096,0.026692673164234713,0.02471358493360691,0.024528428665220117,0.04058074610094351,0.03455275433974063,0.034620194131314334,False,False,False,False,False,False
2023-05-11,0.002215574352387506,0.02427115479798047,0.02436807982747796,0.024196618397759842,0.04058074610094351,0.0341212813109302,0.033981086157209496,False,False,False,False,False,False
2023-05-12,-0.003380893199097623,0.02427115479798047,0.024343464659845694,0.024347895035559727,0.04058074610094351,0.03409662646707072,0.03404650600864296,False,False,False,False,False,False
2023-05-15,0.006654355331449313,0.02427115479798047,0.02428437004240016,0.024187147434391917,0.04058074610094351,0.03402681101900077,0.03348138282457736,False,False,False,False,False,False
2023-05-16,0.0027219714186585975,0.02427115479798047,0.024174484087023183,0.024117347736972845,0.04058074610094351,0.03390548874388924,0.034071297190496605,False,False,False,False,False,False
2023-05-17,-0.011633863649838427,0.02427115479798047,0.02417944094969811,0.02432175103723371,0.04058074610094351,0.033907865958880214,0.03392242780602025,False,False,False,False,False,False
2023-05-18,0.0009154254276977358,0.02427115479798047,0.0241843820345989,0.023586800906941728,0.04058074610094351,0.03391393737595591,0.034010442396872516,False,False,False,False,False,False
2023-05-19,0.008754814824779578,0.02427115479798047,0.024178334182300653,0.024293095253473847,0.04058074610094351,0.033908138749028593,0.03334894904643583,False,False,False,False,False,False
2023-05-22,0.02499999786288276,0.02427115479798047,0.023941234263781516,0.02335995033489565,0.04058074610094351,0.03352147516539887,0.033718922207990984,False,False,False,False,False,False
2023-05-23,0.0053077236210714585,0.02427115479798047,0.02392433261649644,0.023629529205770265,0.04058074610094351,0.03355789719538831,0.03295315042323118,False,False,False,False,False,False
2023-05-24,0.004651117259506732,0.023402777540278034,0.02275893414770348,0.022930531872584984,0.03681202809453437,0.03202141460050935,0.031743075926384944,False,False,False,False,False,False
2023-05-25,-0.013513531367633669,0.023402777540278034,0.022734519311038856,0.022506181606708527,0.03681202809453437,0.03196429983594892,0.03192180746463945,False,False,False,False,False,False
2023-05-26,0.018518467364561086,0.023402777540278034,0.022836560153785157,0.02299966751369936,0.03681202809453437,0.032064226487544145,0.03304171178882127,False,False,False,False,False,False
2023-05-29,-0.00473218604805592,0.023402777540278034,0.022769163051274507,0.022743166255572093,0.03681202809453437,0.03201970230352093,0.031610102963321465,False,False,False,False,False,False
2023-05-30,0.007257295899855354,0.021218643740311176,0.022399594721985924,0.022402495198444887,0.03675422472371628,0.03154392839555931,0.031415633608091145,False,False,False,False,False,False
2023-05-31,0.0032296978737167414,0.021218643740311176,0.022366613754205455,0.022471949203901085,0.03675422472371628,0.03147727111973173,0.030915736290298774,False,False,False,False,False,False
2023-06-01,0.008544024849639786,0.021218643740311176,0.022249595214328222,0.02229833164710715,0.03675422472371628,0.031267781852649085,0.03129643639926799,False,False,False,False,False,False
2023-06-02,-0.006016043755638245,0.021218643740311176,0.022209915419464665,0.02201482309197588,0.03675422472371628,0.031192459796597644,0.030614373051788768,False,False,False,False,False,False
2023-06-05,-0.0012352715429106986,0.021218643740311176,0.022252260636007385,0.022299727355378017,0.03675422472371628,0.031235769029857204,0.031368307101476194,False,False,False,False,False,False
2023-06-06,-0.010883001591336483,0.021218643740311176,0.022137073828691588,0.02199837010193684,0.03675422472371628,0.03109680063056836,0.03022718420787969,False,False,False,False,False,False
2023-06-07,0.007251769478455294,0.021218643740311176,0.022221145333001135,0.022096494264277008,0.03675422472371628,0.03118587468942983,0.03092522212610971,False,False,False,False,False,False
2023-06-08,-0.00819250381027159,0.021218643740311176,0.022217100607978303,0.0220623144645802,0.03675422472371628,0.031186579334940213,0.03167715585937523,False,False,False,False,False,False
2023-06-09,-0.00413012896204612,0.021218643740311176,0.022238576590337684,0.02212989431443877,0.03675422472371628,0.031211911523106123,0.030459258732710062,False,False,False,False,False,False
2023-06-12,-0.005404107977988737,0.021218643740311176,0.02217806023437097,0.021741670541874304,0.03675422472371628,0.0311392631574496,0.031391012132948926,False,False,False,False,False,False
2023-06-13,-0.00012633458100197448,0.021218643740311176,0.02221875432900217,0.022144554109019735,0.03675422472371628,0.03117776034740242,0.03185814549096596,False,False,False,False,False,False
2023-06-14,0.0024010773239471206,0.021218643740311176,0.02223114146861982,0.02221828186228057,0.03675422472371628,0.031178689586603515,0.03114053078105049,False,False,False,False,False,False
2023-06-15,-0.0192889051812839,0.01920156171077791,0.021886903604444865,0.021456990186211868,0.03675422472371628,0.030745340156963768,0.030359977717360223,True,False,False,False,False,False
2023-06-16,-0.01941140045860823,0.019196660120494032,0.02167719393947172,0.022060909608492652,0.03675422472371628,0.030469454285253633,0.031233473008791958,True,False,False,False,False,False
2023-06-19,-0.003539531152277786,0.01929380677156778,0.021833157378529505,0.02140583981794984,0.03675422472371628,0.030662694025268264,0.030389686946746233,False,False,False,False,False,False
2023-06-20,0.006578147111384602,0.01929380677156778,0.021780589130101804,0.02157690871365791,0.03675422472371628,0.030600171873207557,0.030028027901579834,False,False,False,False,False,False
2023-06-21,0.007842103202102324,0.019196660120494032,0.02119209341511827,0.021038425536893248,0.032430991059680774,0.029845767035658808,0.03050593627171958,False,False,False,False,False,False
2023-06-22,-0.008429471080280582,0.018931869693194815,0.020583718071225058,0.020580026602592637,0.031254023840560585,0.02906581026443541,0.028489420728522792,False,False,False,False,False,False
2023-06-23,-0.006147056716500399,0.018931869693194815,0.02058503036885859,0.0204352429584176,0.031254023840560585,0.029015659292646125,0.028826484203132784,False,False,False,False,False,False
2023-06-26,0.002500292887730682,0.018931869693194815,0.020537948951593225,0.020354464172869024,0.031254023840560585,0.028895902478724356,0.02879776623665833,False,False,False,False,False,False
2023-06-27,0.004331897221980796,0.018536459538524553,0.020109626604756143,0.02037525463659373,0.030077675568297234,0.02834882235632601,0.02860225071318446,False,False,False,False,False,False
2023-06-28,-0.002221945054127983,0.018536459538524553,0.02006782496605203,0.020015515394529025,0.030077675568297234,0.028264238829646342,0.02839107399262965,False,False,False,False,False,False
2023-06-30,0.01925596873912383,0.018536459538524553,0.020071103133319994,0.020312421665034008,0.030077675568297234,0.028267761597705828,0.028266427729620854,False,False,False,False,False,False
2023-07-03,0.006554381845009338,0.018536459538524553,0.020094522430833418,0.019878573381961227,0.030077675568297234,0.028307860040867272,0.027838534784332847,False,False,False,False,False,False
2023-07-04,0.011491347279071196,0.018536459538524553,0.020093102615812656,0.02012512175707258,0.030077675568297234,0.02830891536949156,0.027920657892611278,False,False,False,False,False,False
2023-07-05,-0.0056803982110094076,0.018536459538524553,0.01995324460616206,0.019558285094605467,0.030077675568297234,0.028156548046014366,0.027758158205292996,False,False,False,False,False,False
2023-07-06,0.005585837682956507,0.018536459538524553,0.019918877296667525,0.019837481096017896,0.030077675568297234,0.02811489544965237,0.027651486642183337,False,False,False,False,False,False
2023-07-07,-0.00025236257695437914,0.018536459538524553,0.01990718376939321,0.01964574682176602,0.030077675568297234,0.028084710097932456,0.028305627054059927,False,False,False,False,False,False
2023-07-10,-0.01527974857042469,0.018536459538524553,0.019892854948450955,0.020188849951064,0.030077675568297234,0.028069330548136796,0.02775490483011573,False,False,False,False,False,False
2023-07-11,0.006411879020594924,0.018536459538524553,0.01988616091920655,0.019775201383072108,0.030077675568297234,0.028060752340525935,0.0288281799859848,False,False,False,False,False,False
2023-07-12,-0.002038772928627308,0.018536459538524553,0.019885632319545914,0.020091659492293253,0.030077675568297234,0.028061419418741986,0.028531421929251986,False,False,False,False,False,False
2023-07-13,0.007022499366347912,0.018536459538524553,0.019903639801568642,0.01956758197204366,0.030077675568297234,0.028064789622992258,0.027837076303362907,False,False,False,False,False,False
2023-07-14,0.026879723485453644,0.018536459538524553,0.019871052117468015,0.019578783498802432,0.030077675568297234,0.028036639900834888,0.02805888538441942,False,False,False,False,False,False
2023-07-17,0.02543517943752005,0.01827204486147041,0.019787508428815864,0.01983116511746514,0.030077675568297234,0.02799465691986525,0.02790810795585606,False,False,False,False,False,False
2023-07-18,0.004334717423307266,0.01827204486147041,0.019832689684250355,0.01983360916861057,0.030077675568297234,0.02810937597246952,0.028421749544670652,False,False,False,False,False,False
2023-07-19,0.0017984029106119515,0.01827204486147041,0.019791072865604376,0.019626385864281972,0.030077675568297234,0.0280664109671787,0.027688825020767402,False,False,False,False,False,False
2023-07-20,-0.0010771046781788973,0.01827204486147041,0.01968474510240922,0.01935269804804748,0.030077675568297234,0.027940596652908354,0.027175017986952824,False,False,False,False,False,False
2023-07-21,-0.030669783660513317,0.01824822143377124,0.019507608930453776,0.019726753762578,0.030077675568297234,0.027720266340132027,0.02730225022158864,True,True,True,True,True,True
2023-07-24,-0.00086499616236968,0.01827204486147041,0.01979512338286868,0.019879689642440006,0.030616385624605506,0.02803020927088405,0.02787160100859745,False,False,False,False,False,False
2023-07-25,-0.009401395069947416,0.01827204486147041,0.019806104542285756,0.01959144606211812,0.030616385624605506,0.02804082615022541,0.02828501516492546,False,False,False,False,False,False
2023-07-26,0.00561931276052996,0.01827204486147041,0.01986077446599667,0.020117946701222047,0.030616385624605506,0.028075598778717757,0.028646921985697387,False,False,False,False,False,False
2023-07-27,-0.006332836416927612,0.01827204486147041,0.019859582648464724,0.020047037574053787,0.030616385624605506,0.028075586758483338,0.028050726940213377,False,False,False,False,False,False
2023-07-28,-0.0033743461611543957,0.01827204486147041,0.019846648796666498,0.019826790399117788,0.030616385624605506,0.028060005888661775,0.02832940270753021,False,False,False,False,False,False
2023-07-31,0.015674096109222546,0.01827204486147041,0.0198763336219496,0.02015048322958078,0.030616385624605506,0.028080865579033783,0.028202377118950166,False,False,False,False,False,False
2023-08-01,0.004567856644990931,0.01824822143377124,0.019647174371089492,0.019821344064619,0.030616385624605506,0.02782050729329503,0.027673916908258118,False,False,False,False,False,False
2023-08-02,-0.00983156843289723,0.01824822143377124,0.019645131480434938,0.01979586243740347,0.030616385624605506,0.027819462125376043,0.028064161473741057,False,False,False,False,False,False
2023-08-03,-0.008191731568726879,0.01824822143377124,0.019656344669590868,0.019770401570384333,0.030616385624605506,0.027780714037571465,0.028396846006980867,False,False,False,False,False,False
2023-08-04,0.02277563412973982,0.01824822143377124,0.01968517323527757,0.019377761005555785,0.030616385624605506,0.027777235095124034,0.026970589333419386,False,False,False,False,False,False
2023-08-07,0.005873022435278319,0.01824822143377124,0.019745374209926003,0.019842166365920753,0.030616385624605506,0.0278793934353511,0.02769151737224094,False,False,False,False,False,False
2023-08-08,0.013380258964364122,0.01824822143377124,0.019736362096897893,0.019818020178196675,0.030616385624605506,0.027874256088837677,0.02767545218514931,False,False,False,False,False,False
2023-08-09,0.0026407975134028483,0.01824822143377124,0.0197467230117361,0.01961873414552126,0.030616385624605506,0.027901053167318945,0.027154663829164795,False,False,False,False,False,False
2023-08-10,0.0016761244116478835,0.01824822143377124,0.01975232005797995,0.019526079418569015,0.030616385624605506,0.027900690351994613,0.02779234244809328,False,False,False,False,False,False
2023-08-11,-0.012788374549134396,0.01824822143377124,0.01975791512745286,0.019928048485960484,0.030616385624605506,0.02789444512691308,0.02886980348965197,False,False,False,False,False,False
2023-08-14,0.004358252876619506,0.01824822143377124,0.019795808153029646,0.01963493177921872,0.030616385624605506,0.027941725253714234,0.0278656970377978,False,False,False,False,False,False
2023-08-16,0.00879967652026692,0.01824822143377124,0.019681117967797878,0.01973928553017769,0.030616385624605506,0.02780897843248626,0.028043444147011747,False,False,False,False,False,False
2023-08-17,-0.002509418896398219,0.01824822143377124,0.019640756936784996,0.019492508792029673,0.030616385624605506,0.02773449696628942,0.027731666851969098,False,False,False,False,False,False
2023-08-18,-0.013536160316228174,0.01824822143377124,0.019624837176905878,0.0196246277398437,0.030616385624605506,0.02771632815613336,0.027609689255769135,False,False,False,False,False,False
2023-08-21,0.0063146859221698826,0.01824822143377124,0.01973617831829282,0.019827883232967955,0.030616385624605506,0.02784775693323372,0.02772477703422839,False,False,False,False,False,False
2023-08-22,0.0065160387663811825,0.01824822143377124,0.019723848656992716,0.019600712244828532,0.030616385624605506,0.0278180349116359,0.027502210012688152,False,False,False,False,False,False
2023-08-23,-0.004435796778730405,0.018153535581835738,0.019545284891321377,0.019755316828140305,0.030616385624605506,0.02760658317486016,0.028127681124678807,False,False,False,False,False,False
2023-08-24,-0.006502937948941634,0.018153535581835738,0.019541180351306333,0.01947265824454081,0.030616385624605506,0.027601808374182035,0.027809517788081682,False,False,False,False,False,False
2023-08-25,-0.006181935000610372,0.017798162734735154,0.0192155663717923,0.018864886326414594,0.030616385624605506,0.027179522798799444,0.0271207940880669,False,False,False,False,False,False
2023-08-28,-0.004878531331061531,0.017798162734735154,0.019205190024384908,0.019256910241123366,0.030616385624605506,0.02716703168913334,0.027188717776094277,False,False,False,False,False,False
2023-08-29,0.0002450819613124544,0.017798162734735154,0.019224516373164524,0.018920277483871338,0.030616385624605506,0.02718886441462789,0.026876248094936977,False,False,False,False,False,False
2023-08-30,-0.0019604178828472874,0.017798162734735154,0.019212944996122302,0.018892236006496362,0.030616385624605506,0.02717668796805836,0.027368540588366626,False,False,False,False,False,False
2023-08-31,0.0029465245416504526,0.017798162734735154,0.0192344044597567,0.01921139026411505,0.030616385624605506,0.02719600701052761,0.0271331704542857,False,False,False,False,False,False
2023-09-01,0.01848442976794029,0.017218983870412208,0.01883603655489154,0.01904730317963428,0.029571360155383825,0.026688118589806718,0.026884567853243037,False,False,False,False,False,False
2023-09-04,0.043389432887045,0.017218983870412208,0.018807289351969937,0.01888620352504451,0.029571360155383825,0.026641216223761012,0.02627281672759379,False,False,False,False,False,False
2023-09-05,-0.005298920366736404,0.017218983870412208,0.019119655709390525,0.01904513257214831,0.029571360155383825,0.027166534784415913,0.026806302813754273,False,False,False,False,False,False
2023-09-06,-0.006137726770466978,0.017218983870412208,0.019109122136185083,0.018803693476382694,0.029571360155383825,0.027153956185048966,0.02686470193063817,False,False,False,False,False,False
2023-09-07,0.008273034118191358,0.017218983870412208,0.019114619267025755,0.019436122435550488,0.029571360155383825,0.027160499426319505,0.027102129561145702,False,False,False,False,False,False
2023-09-08,-0.005778323750715075,0.017218983870412208,0.019086453279774804,0.019273019368429782,0.029571360155383825,0.02713866488881416,0.027102749732028225,False,False,False,False,False,False
2023-09-11,0.010461493662510035,0.017218983870412208,0.019135487084837734,0.019299599311410953,0.029571360155383825,0.027186967515033057,0.028061106306749954,False,False,False,False,False,False
2023-09-12,0.0008052459492302599,0.017218983870412208,0.019128582159295433,0.01899117711681588,0.029571360155383825,0.02717256973109625,0.027095246977612432,False,False,False,False,False,False
2023-09-13,0.001954034671978633,0.017218983870412208,0.01913760476528835,0.0192458573001959,0.029571360155383825,0.027168797541684,0.027743103144609788,False,False,False,False,False,False
2023-09-14,0.0013765885315328852,0.017218983870412208,0.019141242567676124,0.01963033087724714,0.029571360155383825,0.02715831203370007,0.027993732075418967,False,False,False,False,False,False
2023-09-15,0.010654178602234277,0.017218983870412208,0.019142164454175013,0.019181898975993254,0.029571360155383825,0.027159147880961278,0.02716848939855923,False,False,False,False,False,False
2023-09-18,-0.011675329868052753,0.017218983870412208,0.019002678434147924,0.018990609267960343,0.029571360155383825,0.027004622614399735,0.026883329505130147,False,False,False,False,False,False
2023-09-20,-0.01410719274501504,0.017218983870412208,0.01907595887409904,0.019549236807354802,0.029571360155383825,0.02709349383517707,0.027349666612932075,False,False,False,False,False,False
2023-09-21,-0.0027919317578974923,0.016170723771138082,0.018769995426244173,0.01866426813027461,0.026538412731028947,0.026690284726552427,0.026046035069637298,False,False,False,False,False,False
2023-09-22,-0.0232152161702065,0.016170723771138082,0.018784944521088233,0.018487012630322312,0.026538412731028947,0.026706387982659664,0.026195164791426008,True,False,True,False,True,False
2023-09-25,-0.010987681479089462,0.017218983870412208,0.019049209030055744,0.019124080894591413,0.026538412731028947,0.027029298970822086,0.02689740102549211,False,False,False,False,False,False
2023-09-26,-0.003139684772365481,0.017218983870412208,0.019056682529159492,0.01883340611101949,0.026538412731028947,0.027038643520971125,0.02798812937829212,False,False,False,False,False,False
2023-09-27,0.006904806407199926,0.017218983870412208,0.019028830481892692,0.018416163512962644,0.026538412731028947,0.02700583304558152,0.026436734890905454,False,False,False,False,False,False
2023-09-28,-0.02358021978161573,0.017218983870412208,0.01895423614200859,0.018957781769226092,0.026538412731028947,0.026926560005807686,0.02722879467984373,True,False,True,False,True,False
2023-09-29,0.0011089559372563507,0.017798162734735154,0.019211513034478885,0.01940283176269996,0.026538412731028947,0.02724988210613842,0.026757453930098027,False,False,False,False,False,False
2023-10-03,-0.0020924012718966933,0.017798162734735154,0.019221825389498532,0.019452030589128328,0.026538412731028947,0.02725203073104172,0.026851980625346862,False,False,False,False,False,False
2023-10-04,-0.001356592349411656,0.017798162734735154,0.019230026480310258,0.019096132880712866,0.026538412731028947,0.0272607861379855,0.026580742592007007,False,False,False,False,False,False
2023-10-05,0.004569548752068497,0.017798162734735154,0.019152593652898176,0.019020589370565732,0.026538412731028947,0.027167969548386604,0.02760817382410761,False,False,False,False,False,False
2023-10-06,0.002581756641141242,0.017798162734735154,0.01914724169162812,0.019031557301443083,0.026538412731028947,0.02716439276658309,0.026541551485246572,False,False,False,False,False,False
2023-10-09,-0.006008586122204562,0.017798162734735154,0.019140501054457897,0.018722703243551606,0.026538412731028947,0.027158297594761162,0.026386408552960223,False,False,False,False,False,False
2023-10-10,0.005674718049099248,0.017798162734735154,0.019066554660658267,0.019533417991993686,0.026538412731028947,0.026997125103044806,0.027018723575043625,False,False,False,False,False,False
2023-10-11,0.03287550000595019,0.017798162734735154,0.019062038012471347,0.018948363729089274,0.026538412731028947,0.02698134610018805,0.02683315251929772,False,False,False,False,False,False
2023-10-12,-0.009501280733830164,0.017798162734735154,0.019204769701415544,0.018941147864787462,0.026538412731028947,0.027246182449828824,0.027188138353390862,False,False,False,False,False,False
2023-10-13,-0.014268591745013715,0.017798162734735154,0.019283873617140693,0.01887461548428224,0.026538412731028947,0.027329522544262103,0.027622587731644874,False,False,False,False,False,False
2023-10-16,-0.0023112013189525715,0.017798162734735154,0.019250185660207125,0.0190237128001147,0.026538412731028947,0.02728623750310038,0.027326982521726023,False,False,False,False,False,False
2023-10-17,0.002804230032795063,0.017798162734735154,0.019275407914166903,0.019605390139150754,0.026538412731028947,0.0273039373569207,0.027409052643270655,False,False,False,False,False,False
2023-10-18,-0.009361626398444844,0.01649000416073758,0.01753704651539635,0.01745328005011873,0.024244449250453857,0.0249664334131743,0.024859897604200955,False,False,False,False,False,False
2023-10-19,-0.029945953292350724,0.01649000416073758,0.017576288215183936,0.01718788360428412,0.024244449250453857,0.02501428776340638,0.024897815845957634,True,True,True,True,True,True
2023-10-20,-0.00822372293666751,0.017798162734735154,0.017935667283724657,0.018030711777855056,0.026538412731028947,0.02548281872782421,0.02544657412561449,False,False,False,False,False,False
2023-10-23,-0.022707083156540686,0.017798162734735154,0.017998566913834734,0.01766147690593105,0.026538412731028947,0.025539370027565487,0.02489912481641129,True,False,True,False,True,False
2023-10-25,-0.0026106511742417515,0.018153535581835738,0.01822733739756991,0.018147683223147016,0.026538412731028947,0.025830972586967028,0.02558229748775607,False,False,False,False,False,False
2023-10-26,-0.009684502688306673,0.018153535581835738,0.01825233629583449,0.01822802580319272,0.026538412731028947,0.025846876309236815,0.025707723957185395,False,False,False,False,False,False
2023-10-27,0.010307982740868304,0.018153535581835738,0.01832861430947281,0.018168456822702697,0.026538412731028947,0.02593371175872624,0.025889612140835627,False,False,False,False,False,False
2023-10-30,-0.0006540718063284823,0.018153535581835738,0.018331848383163485,0.018375099409481097,0.026538412731028947,0.02594605570003691,0.026163340779597834,False,False,False,False,False,False
2023-10-31,-0.00013095180714361998,0.018153535581835738,0.018331866899883854,0.018123307449952275,0.026538412731028947,0.02594607493402288,0.026030772333607222,False,False,False,False,False,False
2023-11-01,-0.0026179968971760115,0.018153535581835738,0.018305251842994925,0.01836911259043322,0.026538412731028947,0.0259164052291497,0.026085659629304595,False,False,False,False,False,False
2023-11-02,0.0072187356593242935,0.018153535581835738,0.018324976713969772,0.0182745269469557,0.026538412731028947,0.0259364983055274,0.02547866523708845,False,False,False,False,False,False
2023-11-03,-0.0005213144692369776,0.018153535581835738,0.018324720689156915,0.018193111010659353,0.026538412731028947,0.02593513185938661,0.025719535344641414,False,False,False,False,False,False
2023-11-06,0.0032595276846898447,0.018153535581835738,0.01831697340431282,0.018545694760848715,0.026538412731028947,0.025897362186790552,0.02609148918078119,False,False,False,False,False,False
2023-11-07,-0.004288549713772238,0.018153535581835738,0.01831780968259047,0.018488324439298813,0.026538412731028947,0.02589782386313935,0.02603576413157881,False,False,False,False,False,False
2023-11-08,-0.004045955104316823,0.018153535581835738,0.01823432505173206,0.018328315110849536,0.026538412731028947,0.025794731128322455,0.025774815203118365,False,False,False,False,False,False
2023-11-09,-0.0030139737130225885,0.018153535581835738,0.01826805511764422,0.018560864080411157,0.026538412731028947,0.025827202765486505,0.02618824567316746,False,False,False,False,False,False
2023-11-10,-0.0030231719555261494,0.018153535581835738,0.01828965786564768,0.01862351627174302,0.026538412731028947,0.025849367067670274,0.02579794332811235,False,False,False,False,False,False
2023-11-13,0.006460121545887487,0.018153535581835738,0.018298828086903234,0.0184098735000594,0.026538412731028947,0.025859443213492785,0.02606643465618076,False,False,False,False,False,False
2023-11-15,0.0254126884149517,0.018153535581835738,0.01825552522785686,0.0180765692735346,0.026538412731028947,0.025817807394941304,0.02560215470902482,False,False,False,False,False,False
2023-11-16,0.014435341721372286,0.018153535581835738,0.01822428215422755,0.01829079551372246,0.026538412731028947,0.025769279863662356,0.026726291175779328,False,False,False,False,False,False
2023-11-17,-0.004155697069670561,0.018153535581835738,0.018177103075480885,0.01806554503535682,0.026538412731028947,0.02573974332422641,0.026509213532896713,False,False,False,False,False,False
2023-11-20,0.01163376999541188,0.018153535581835738,0.0182044544781931,0.01796945032577907,0.026538412731028947,0.025769032355300682,0.025598326552601743,False,False,False,False,False,False
2023-11-21,0.001125118377071077,0.018153535581835738,0.01820594951380638,0.01849354888677018,0.026538412731028947,0.02578625442882443,0.026436087770645912,False,False,False,False,False,False
2023-11-22,-0.0006244273713428283,0.018153535581835738,0.01818303804301222,0.018022925685457318,0.026538412731028947,0.025761750298999915,0.025458327915142794,False,False,False,False,False,False
2023-11-23,0.004872471840954962,0.018153535581835738,0.01814421791623846,0.017926647824215027,0.026538412731028947,0.02571709103889843,0.02600874805907414,False,False,False,False,False,False
2023-11-24,-0.015416942497174957,0.018153535581835738,0.018016030832096408,0.01769255506983264,0.026538412731028947,0.025567003384618512,0.025373629420924956,False,False,False,False,False,False
2023-11-28,0.002525512846614175,0.018153535581835738,0.01815348555217667,0.018243020141696754,0.026538412731028947,0.025734364890741903,0.026184003242416955,False,False,False,False,False,False
2023-11-29,0.02317668519169991,0.018153535581835738,0.018142300442648973,0.017879710187124725,0.026538412731028947,0.025723796575790152,0.025366765553983872,False,False,False,False,False,False
2023-11-30,0.01748126928520244,0.018153535581835738,0.018130868744986338,0.01805576100913853,0.026538412731028947,0.025705736919621223,0.02546318782652115,False,False,False,False,False,False
2023-12-01,-0.013430155676805278,0.018153535581835738,0.018157647872230218,0.018002454308721917,0.026538412731028947,0.02575343061717669,0.02581517085673935,False,False,False,False,False,False
2023-12-04,-0.0009811718281717008,0.018153535581835738,0.018279737296669693,0.0186311873433504,0.026538412731028947,0.025891292729117655,0.026261740875041864,False,False,False,False,False,False
2023-12-05,-0.0073655704604630445,0.018153535581835738,0.01827855431243939,0.018313393104442237,0.026538412731028947,0.025890035947096712,0.02522395466409879,False,False,False,False,False,False
2023-12-06,0.03598813443096205,0.018153535581835738,0.018336294189543422,0.018288863478586433,0.026538412731028947,0.025952334184808273,0.026480733591227205,False,False,False,False,False,False
2023-12-07,-0.0015518127249273261,0.018153535581835738,0.01855812285389875,0.01812282145436904,0.026538412731028947,0.02629863138481859,0.026409216203284472,False,False,False,False,False,False
2023-12-08,0.009086588094346038,0.018153535581835738,0.018550175835958548,0.01878184201103021,0.026538412731028947,0.02628982880643585,0.02705545336222934,False,False,False,False,False,False
2023-12-11,-0.003909842563214028,0.018153535581835738,0.018537043311168608,0.018428363240091943,0.026538412731028947,0.026286314213414763,0.025925383481836543,False,False,False,False,False,False
2023-12-12,0.0042820462480461785,0.018153535581835738,0.018543815055532136,0.018626601594301698,0.026538412731028947,0.026294033911617293,0.025909766453007715,False,False,False,False,False,False
2023-12-13,-0.006040621087873066,0.018153535581835738,0.01844523680132045,0.01911049018627635,0.026538412731028947,0.026180853293451108,0.02714828353767685,False,False,False,False,False,False
2023-12-14,0.03515260094724315,0.018153535581835738,0.018439536883170737,0.018340151666930003,0.026538412731028947,0.026173993799508886,0.02603028143101523,False,False,False,False,False,False
2023-12-15,0.027857796243960786,0.017798162734735154,0.018383858453383653,0.01817850307376676,0.026538412731028947,0.026193119763793737,0.02586685235685561,False,False,False,False,False,False
2023-12-18,-0.003359871680529314,0.017798162734735154,0.01850076115512287,0.018466909385602987,0.026538412731028947,0.02639663452750475,0.02684038932789036,False,False,False,False,False,False
2023-12-19,-0.014271325301705162,0.017798162734735154,0.01853169989053724,0.018321488738037028,0.026538412731028947,0.026427708214236952,0.026418857052705025,False,False,False,False,False,False
2023-12-20,-0.015731698876323308,0.017798162734735154,0.01866592529193238,0.019188050986070813,0.026538412731028947,0.026584308409095963,0.026081634543633724,False,False,False,False,False,False
2023-12-21,0.005559286868512148,0.017798162734735154,0.018716616399177932,0.01850480437766959,0.026538412731028947,0.02664899115469392,0.027341467657328485,False,False,False,False,False,False
2023-12-22,0.0658835083334568,0.017798162734735154,0.01858267268595496,0.018463881661758125,0.026538412731028947,0.026492449589530682,0.02612753601364017,False,False,False,False,False,False
2023-12-26,0.01588488572859137,0.017798162734735154,0.01948540930673495,0.019379930438921947,0.026538412731028947,0.027881371449037882,0.027477064076006138,False,False,False,False,False,False
2023-12-27,0.0019148212372537277,0.017798162734735154,0.01948076546984788,0.019062715049624986,0.026538412731028947,0.02790176818360302,0.02701437628831805,False,False,False,False,False,False
2023-12-28,-0.003715964810858563,0.017798162734735154,0.019481248556996962,0.01944469441524277,0.026538412731028947,0.027902215211541216,0.027552362840352205,False,False,False,False,False,False
2023-12-29,0.005328200452408893,0.017798162734735154,0.019489036359437124,0.01953514083485425,0.026538412731028947,0.02791111189890789,0.02798684295095233,False,False,False,False,False,False
2024-01-01,0.011871957851024018,0.01669338179839196,0.019128003389457842,0.01971599959999283,0.02408581971889572,0.027456439602607755,0.026908490754208484,False,False,False,False,False,False
2024-01-02,-0.017075251966638394,0.01669338179839196,0.019131198614001598,0.0190298210614186,0.02408581971889572,0.027467688038000704,0.027306542167412535,True,False,False,False,False,False
2024-01-03,-0.028242529726045018,0.017297980689033765,0.01929001264034642,0.019266355547692633,0.02408581971889572,0.02763765946650275,0.02704034111659726,True,True,True,True,True,True
2024-01-04,-0.00734809558140781,0.017798162734735154,0.019640760626076552,0.01950227573610941,0.026443770342033865,0.02808135104008078,0.02851059670450292,False,False,False,False,False,False
2024-01-05,0.009280673605862821,0.017798162734735154,0.01970483585346971,0.01994625326017881,0.026443770342033865,0.028148262132757222,0.027862966706492586,False,False,False,False,False,False
2024-01-08,-0.014559322092672411,0.017798162734735154,0.01970323694083781,0.019798933149137637,0.026443770342033865,0.02815226020941365,0.027623082737817908,False,False,False,False,False,False
2024-01-09,0.0014440717986223817,0.017798162734735154,0.01982613070765716,0.019477748063407747,0.026443770342033865,0.028300676699277688,0.027194618547799865,False,False,False,False,False,False
2024-01-10,0.006877524012294245,0.017798162734735154,0.019837188145879987,0.020340534669143075,0.026443770342033865,0.02830226656252142,0.028932227058826455,False,False,False,False,False,False
2024-01-11,-0.012779620077964293,0.017297980689033765,0.019651736724492923,0.019785319062493843,0.026443770342033865,0.02808164211873129,0.0285455848919758,False,False,False,False,False,False
2024-01-12,0.03883493787112524,0.017297980689033765,0.019705964260079825,0.01943759022689076,0.026443770342033865,0.02814906376602305,0.02781282225543099,False,False,False,False,False,False
2024-01-15,0.06252015130242983,0.017297980689033765,0.01983809841186458,0.01946595404827042,0.026443770342033865,0.028420861888306923,0.028113799815529104,False,False,False,False,False,False
2024-01-16,-0.019310455171059115,0.017297980689033765,0.020514091578473944,0.020411103195029236,0.026443770342033865,0.029439129457486727,0.02930648580972066,True,False,False,False,False,False
2024-01-17,-0.005567051621398811,0.017798162734735154,0.02070719710503991,0.02049383667252869,0.026443770342033865,0.02967452771960452,0.029103486793903746,False,False,False,False,False,False
2024-01-18,-0.0001035820010605315,0.017798162734735154,0.02074871667191607,0.02077693101554501,0.026443770342033865,0.029720228698661987,0.029898271990716263,False,False,False,False,False,False
2024-01-19,0.005702389851470313,0.017798162734735154,0.02075442790280837,0.020230451616629203,0.026443770342033865,0.02972603107319702,0.029240147341306387,False,False,False,False,False,False
2024-01-23,-0.03113401479698452,0.017798162734735154,0.020727082927281575,0.02051634497822235,0.026443770342033865,0.02970016818149186,0.02887541611882439,True,True,True,True,True,True
2024-01-24,0.019407121122078097,0.018153535581835738,0.021122527384262315,0.02085591767552975,0.029111275744860925,0.030186805180951824,0.03056192564665762,False,False,False,False,False,False
2024-01-25,-0.016841060826606302,0.018153535581835738,0.02109317099531211,0.0209756375254367,0.029111275744860925,0.030187841892468766,0.029233479921874146,False,False,False,False,False,False
2024-01-29,0.006383728414927292,0.018153535581835738,0.021237048254396682,0.021294003766510725,0.029111275744860925,0.030333926312908887,0.03021993755247689,False,False,False,False,False,False
2024-01-30,-0.0011629356857717488,0.018153535581835738,0.021220873839140866,0.021048816337915808,0.029111275744860925,0.030321013677283095,0.030126155901837398,False,False,False,False,False,False
2024-01-31,0.011430935296678157,0.018153535581835738,0.021224060432775832,0.021361582782048257,0.029111275744860925,0.030324415090566874,0.029833854708819663,False,False,False,False,False,False
2024-02-01,-0.01391790913120472,0.018153535581835738,0.021225700143596704,0.02112569618661296,0.029111275744860925,0.030330468422009604,0.030462990128805895,False,False,False,False,False,False
2024-02-02,0.02515119524226117,0.018153535581835738,0.021338204091446676,0.02137395537194123,0.029111275744860925,0.030464885461159948,0.030943887206948007,False,False,False,False,False,False
2024-02-05,-0.001449327725993932,0.018153535581835738,0.02129647041911883,0.02165454402865967,0.029111275744860925,0.030467328587950048,0.03172241594269988,False,False,False,False,False,False
2024-02-06,0.03586987911338446,0.018153535581835738,0.021248345713690095,0.020997614791146802,0.029111275744860925,0.030410900626018547,0.030043835962709004,False,False,False,False,False,False
2024-02-07,-0.009007239034449221,0.018153535581835738,0.021422291243109886,0.02150873195418718,0.029111275744860925,0.03069803991210974,0.030934762736271222,False,False,False,False,False,False
2024-02-08,-0.01252265260368024,0.018153535581835738,0.021422828509531387,0.021403847357086985,0.029111275744860925,0.030698698886856987,0.03056283442171479,False,False,False,False,False,False
2024-02-09,0.002863539846563068,0.018153535581835738,0.02153692018118826,0.02131386845841752,0.029111275744860925,0.030823723616858,0.02978768168153797,False,False,False,False,False,False
2024-02-12,0.022639154138718975,0.018153535581835738,0.021533826196012837,0.020582004834750714,0.029111275744860925,0.03079712733032141,0.030009262289807062,False,False,False,False,False,False
2024-02-13,0.02144002988241689,0.018153535581835738,0.021541384193660803,0.021334953293029573,0.029111275744860925,0.030850602635930584,0.030380759482576236,False,False,False,False,False,False
2024-02-14,0.003709809963452937,0.018153535581835738,0.02150839840552448,0.021841220143005692,0.029111275744860925,0.030852080397204423,0.030175080069793813,False,False,False,False,False,False
2024-02-15,0.008170450315718059,0.018153535581835738,0.021417348790433346,0.02157047413418498,0.029111275744860925,0.030747473817663882,0.03135303753212219,False,False,False,False,False,False
2024-02-16,0.04794984569004268,0.018153535581835738,0.02140790125573161,0.020929546588300933,0.029111275744860925,0.03072156985559415,0.03024537315503065,False,False,False,False,False,False
2024-02-19,-0.014454113609400854,0.018153535581835738,0.021751652268250737,0.021926237183124215,0.029111275744860925,0.03128150357094806,0.0318068828482865,False,False,False,False,False,False
2024-02-20,-0.0064455465522289535,0.018153535581835738,0.02183295413559222,0.021809170951821954,0.029111275744860925,0.03138208142728409,0.03100240033536265,False,False,False,False,False,False
2024-02-21,-0.020026261005317125,0.018153535581835738,0.021787558282649173,0.02212852881935341,0.029111275744860925,0.031326396820113594,0.03210717236522626,True,False,False,False,False,False
2024-02-22,0.019380129521402667,0.018514473163463333,0.021995196565683477,0.022405306386512884,0.029111275744860925,0.031570341035076936,0.03231820114752313,False,False,False,False,False,False
2024-02-23,0.009035319236314843,0.018514473163463333,0.022014502235564427,0.022263116809396532,0.029111275744860925,0.03161953217782405,0.03220266223031142,False,False,False,False,False,False
2024-02-26,-0.00718217923236808,0.018514473163463333,0.022011615372870497,0.022119342379281492,0.029111275744860925,0.031620254969657084,0.031243885478213895,False,False,False,False,False,False
2024-02-27,-0.0015971573754054447,0.018514473163463333,0.021995145057519986,0.021834132585374956,0.029111275744860925,0.031600217647541104,0.032034934402353075,False,False,False,False,False,False
2024-02-28,-0.02681852872814472,0.018514473163463333,0.02201062425015895,0.021868603949714013,0.029111275744860925,0.03161640303796313,0.0313789315173665,True,False,True,False,True,False
2024-02-29,0.0039645329637407745,0.019044613656382426,0.022228516223681962,0.0219206239148691,0.029111275744860925,0.031897230457551676,0.03170252765144233,False,False,False,False,False,False
2024-03-01,0.0,0.018813051693898457,0.02204715148015159,0.02218280832315742,0.029111275744860925,0.031678360526735984,0.030919420783125175,False,False,False,False,False,False
2024-03-04,0.0021187613763868907,0.018813051693898457,0.0220303791551864,0.02207290677745453,0.029111275744860925,0.03165988111918374,0.03206622837821101,False,False,False,False,False,False
2024-03-05,-0.013358911125295192,0.018813051693898457,0.022013569490733152,0.022494004807808443,0.029111275744860925,0.03164235273621734,0.031238727139056576,False,False,False,False,False,False
2024-03-06,-0.000487071344501655,0.018813051693898457,0.02206784591650035,0.022079951273780714,0.029111275744860925,0.03170961881412333,0.03115812294540312,False,False,False,False,False,False
2024-03-07,0.00545749802377804,0.018813051693898457,0.02201588226729793,0.022300001341795956,0.029111275744860925,0.03164911850852783,0.03180830660404155,False,False,False,False,False,False
2024-03-11,-0.002810768303265543,0.018813051693898457,0.022020211666417887,0.021673413283072658,0.029111275744860925,0.03164737300625157,0.03125470573691782,False,False,False,False,False,False
2024-03-12,-0.007290126420227194,0.018813051693898457,0.02198709597259172,0.02176680011910021,0.029111275744860925,0.031608382541416194,0.03057141917173202,False,False,False,False,False,False
2024-03-13,-0.012337211394186864,0.018813051693898457,0.022052093196401935,0.02217527744262216,0.029111275744860925,0.03167797768261112,0.03203429940260495,False,False,False,False,False,False
2024-03-14,0.02627144498333478,0.018813051693898457,0.022165195656845087,0.022193030200142433,0.029111275744860925,0.0318034873694153,0.031205075925063774,False,False,False,False,False,False
2024-03-15,-0.001545641757175309,0.018813051693898457,0.022189899428874813,0.022075694149955204,0.029111275744860925,0.03188722660672691,0.03252986581271842,False,False,False,False,False,False
2024-03-18,-0.012480609748584115,0.018813051693898457,0.022161838699756426,0.022192635186190215,0.029111275744860925,0.031854900995729116,0.031259551006343964,False,False,False,False,False,False
2024-03-19,-0.030469242909077265,0.018813051693898457,0.022240223461493108,0.02229826546324581,0.029111275744860925,0.03194975063526843,0.032557229820651394,True,True,True,False,True,False
2024-03-20,-0.002425262228775038,0.01930075767566027,0.022545907928950337,0.022439796176502068,0.030212830996881258,0.03234394355007526,0.0326621747909149,False,False,False,False,False,False
2024-03-21,0.014384092745975519,0.01930075767566027,0.02240888299971222,0.022323279094887804,0.030212830996881258,0.03217509679183106,0.033241800977389775,False,False,False,False,False,False
2024-03-22,-0.027261831758615185,0.01930075767566027,0.022329345813690046,0.022354202249736364,0.030212830996881258,0.032101732637863395,0.03263721662447329,True,False,True,False,True,False
2024-03-26,-0.014988098191776933,0.019365975079211128,0.022572127458157665,0.022781767151809726,0.030212830996881258,0.03241336981279395,0.032341426062860015,False,False,False,False,False,False
2024-03-27,-0.015737430069440506,0.019365975079211128,0.02271347519307677,0.02264796073851108,0.030212830996881258,0.03257243982140666,0.03257338754088586,False,False,False,False,False,False
2024-03-28,0.01662430406075055,0.01930075767566027,0.02259224604247645,0.02313230532304572,0.030212830996881258,0.03241562376808482,0.03378146839235682,False,False,False,False,False,False
2024-04-01,0.01031141596998153,0.01930075767566027,0.022570012598890805,0.022558171307801255,0.030212830996881258,0.03241511471772618,0.03227121776288871,False,False,False,False,False,False
2024-04-02,-0.007835033796887103,0.01930075767566027,0.022547351059004506,0.022577381381711142,0.030212830996881258,0.0324001529350592,0.03316799238509978,False,False,False,False,False,False
2024-04-03,0.004467981971512103,0.01930075767566027,0.02249521510866584,0.022429868152048636,0.030212830996881258,0.03233559159247439,0.03184454515326939,False,False,False,False,False,False
2024-04-04,0.00858591913893525,0.01930075767566027,0.022479324899511332,0.022394750716827692,0.030212830996881258,0.032320522447208344,0.03217008113529477,False,False,False,False,False,False
2024-04-05,-0.004717897094850376,0.01930075767566027,0.022454156988682576,0.022108714147037006,0.030212830996881258,0.032300072971941166,0.031663438830626334,False,False,False,False,False,False
2024-04-08,-0.010923414084692107,0.01930075767566027,0.022371898496053977,0.022481023917169708,0.030212830996881258,0.032199075438922066,0.03213198697872134,False,False,False,False,False,False
2024-04-09,-0.008543421960295339,0.01930075767566027,0.02247066021224169,0.022087749249172804,0.030212830996881258,0.03230879188707013,0.0316596161848788,False,False,False,False,False,False
2024-04-10,0.003047569432237829,0.01930075767566027,0.022534298795276096,0.022872350730142106,0.030212830996881258,0.03235485028034988,0.03293468648001431,False,False,False,False,False,False
2024-04-12,-0.013305421559816621,0.01930075767566027,0.022542896356539513,0.022177582420862728,0.030212830996881258,0.032360718792578,0.03169202665586384,False,False,False,False,False,False
2024-04-15,-0.024739832981269694,0.01930075767566027,0.022660667027600716,0.022644806179627802,0.030212830996881258,0.03249667207238987,0.03224226855731285,True,False,True,False,True,False
2024-04-16,-0.023190051088447183,0.019365975079211128,0.022859755483441255,0.023234236387779036,0.030212830996881258,0.03275069434703864,0.03365750735020521,True,False,True,False,False,False
2024-04-18,-0.00958541869569518,0.019749573759298117,0.0230910394481675,0.023451221346111495,0.030212830996881258,0.033009768958856794,0.03371516547856379,False,False,False,False,False,False
2024-04-19,0.01924380396008818,0.019749573759298117,0.023105085474449734,0.022529171431720202,0.030212830996881258,0.03302684737358751,0.03311978181230482,False,False,False,False,False,False
2024-04-22,0.020095025123235022,0.019749573759298117,0.023120707899699548,0.02281829619904841,0.030212830996881258,0.033072555032479904,0.032986950828872055,False,False,False,False,False,False
2024-04-23,0.00010819999121847168,0.019749573759298117,0.023051564467582497,0.022687484191830424,0.030212830996881258,0.033025434801249094,0.031989586299545,False,False,False,False,False,False
2024-04-24,-0.003896132404215935,0.019749573759298117,0.02289649198993766,0.02335770618282952,0.030212830996881258,0.03283621975260284,0.03466246600252487,False,False,False,False,False,False
2024-04-25,0.0017384271387816952,0.019749573759298117,0.02293008986973263,0.022823880618035773,0.030212830996881258,0.03285024011670929,0.03284909527826634,False,False,False,False,False,False
2024-04-26,0.007917519122582428,0.019749573759298117,0.02276578379066519,0.023054251087496522,0.030212830996881258,0.03265095450328078,0.032994936400410235,False,False,False,False,False,False
2024-04-29,-0.0036586277577095316,0.019749573759298117,0.02276264608151005,0.02251836487710188,0.030212830996881258,0.032650221907376986,0.03253315134152469,False,False,False,False,False,False
2024-04-30,-0.0014041305706294915,0.019749573759298117,0.022799883190236122,0.02344188852131819,0.030212830996881258,0.032673301563437875,0.033927515063734565,False,False,False,False,False,False
2024-05-02,-0.010923559230335944,0.019749573759298117,0.02276064803479531,0.02331265608492489,0.030212830996881258,0.032570899379940274,0.032777192394482305,False,False,False,False,False,False
2024-05-03,-0.0008747853632594671,0.019749573759298117,0.022800883337413258,0.022469612283461827,0.030212830996881258,0.03261978790058756,0.03283719040762854,False,False,False,False,False,False
2024-05-06,0.0030644294894723867,0.019749573759298117,0.0227900270880846,0.022505288503372203,0.030212830996881258,0.032607837622918585,0.032521887234409415,False,False,False,False,False,False
2024-05-07,0.011347537095271587,0.019749573759298117,0.022776832547135372,0.022650345201322426,0.030212830996881258,0.032594918755073275,0.032864776196190625,False,False,False,False,False,False
2024-05-08,-0.0011868450815839537,0.019749573759298117,0.022692141026435225,0.02308529321684974,0.030212830996881258,0.032446131429109834,0.03238779647414802,False,False,False,False,False,False
2024-05-09,-0.01717425549631235,0.019749573759298117,0.022718156379337787,0.02271669974033578,0.030212830996881258,0.032467189002138304,0.03206305484694677,False,False,False,False,False,False
2024-05-10,-0.0071436000174567305,0.019749573759298117,0.02281057411751844,0.022764453163534346,0.030212830996881258,0.03258287739711617,0.03253034507411887,False,False,False,False,False,False
2024-05-13,0.0008854608595245672,0.019749573759298117,0.022832983813373783,0.022809377204982578,0.030212830996881258,0.03260918642836913,0.031971983742332795,False,False,False,False,False,False
2024-05-14,0.009400654473455283,0.019749573759298117,0.02275394477707703,0.022703006655077417,0.030212830996881258,0.032517008103726396,0.03199131695581737,False,False,False,False,False,False
2024-05-15,0.003834769820733719,0.019749573759298117,0.022742229055706508,0.022701004087297902,0.030212830996881258,0.03251208753701378,0.031905757944627335,False,False,False,False,False,False
2024-05-16,0.013643267098647716,0.019749573759298117,0.022745487376639305,0.022350072556116304,0.030212830996881258,0.032514337838717385,0.032908574195571444,False,False,False,False,False,False
2024-05-17,-0.007106701353749245,0.019749573759298117,0.022740309505461027,0.02269224625159612,0.030212830996881258,0.03252420800636846,0.03293085154978992,False,False,False,False,False,False
2024-05-21,-0.0004337876748594649,0.019749573759298117,0.022791753851782903,0.02277982267554714,0.030212830996881258,0.03258151714020183,0.032550628130870396,False,False,False,False,False,False
2024-05-22,0.0008680233046645114,0.019749573759298117,0.022776238192950073,0.022838849876237646,0.030212830996881258,0.03256445721606088,0.031983797816751106,False,False,False,False,False,False
2024-05-23,0.010081153931625009,0.019749573759298117,0.02279160022471364,0.023020549187614706,0.030212830996881258,0.03257659447961733,0.03307411241667025,False,False,False,False,False,False
2024-05-24,-0.005151263960085806,0.019749573759298117,0.022780985670662182,0.022674005332682455,0.030212830996881258,0.03257377831227446,0.03238917574764817,False,False,False,False,False,False
2024-05-27,-0.023624585652451846,0.019749573759298117,0.02272744205806689,0.022622794208290227,0.030212830996881258,0.03250879401823206,0.03241544000153678,True,False,True,False,True,False
2024-05-28,0.0076234199213132126,0.02150071318849005,0.022962841225768027,0.02309450451643479,0.030212830996881258,0.032801053973742486,0.03282891533252883,False,False,False,False,False,False
2024-05-29,-0.011184088580217133,0.02150071318849005,0.022963530911332436,0.02231694431904105,0.030212830996881258,0.03280015437520021,0.032356354151637685,False,False,False,False,False,False
2024-05-30,-0.030938111217305386,0.02150071318849005,0.023005335509323977,0.023175517618188184,0.030212830996881258,0.032799312385795684,0.03330800312980861,True,True,True,False,True,False
2024-05-31,0.0018307775292196737,0.022972715519089255,0.023372131190745535,0.02346603533483898,0.03057151869230965,0.03325800915347557,0.03258081044225047,False,False,False,False,False,False
2024-06-03,0.014163405884774605,0.022972715519089255,0.023379869879881724,0.0235101176190565,0.03057151869230965,0.03326428004691358,0.0330256245932884,False,False,False,False,False,False
2024-06-04,-0.013852944208631479,0.022972715519089255,0.023266545779582204,0.02311724635830188,0.03057151869230965,0.03314987194234571,0.03356113863246199,False,False,False,False,False,False
2024-06-05,0.03140702875091783,0.022972715519089255,0.023369332708703533,0.02334212069249883,0.03057151869230965,0.0332415970834399,0.03282152141620793,False,False,False,False,False,False
2024-06-06,0.020927940506896503,0.022972715519089255,0.023434902743925415,0.02383598795844639,0.03057151869230965,0.033394226700960226,0.03353618586958374,False,False,False,False,False,False
2024-06-07,0.05086772655471239,0.022972715519089255,0.023463266629862253,0.023120611526484734,0.03057151869230965,0.03345699832189459,0.03345368238545851,False,False,False,False,False,False
2024-06-10,-0.019506679474466937,0.022972715519089255,0.023830555220778128,0.02323641210252695,0.03057151869230965,0.03405541096266918,0.03399461560755783,False,False,False,False,False,False
2024-06-11,0.0019999432964674657,0.022972715519089255,0.02402011464369063,0.023963858292209945,0.03057151869230965,0.03427702070351753,0.03449808371584123,False,False,False,False,False,False
2024-06-12,0.001995951506631677,0.022972715519089255,0.023978338250270508,0.023337776814772112,0.03057151869230965,0.03423122025869947,0.03391659141618012,False,False,False,False,False,False
2024-06-13,0.011532897424544108,0.022972715519089255,0.02396485417754892,0.024557668114648098,0.03057151869230965,0.034217504506815946,0.034407737510455935,False,False,False,False,False,False
2024-06-14,-0.010468478222364075,0.022972715519089255,0.023870260783392865,0.02365268165660565,0.03057151869230965,0.03412086860323272,0.033024516454309226,False,False,False,False,False,False
2024-06-18,0.030375976071095767,0.022972715519089255,0.02396015067544643,0.024193723163126925,0.03057151869230965,0.034218634245829244,0.03470180479594726,False,False,False,False,False,False
2024-06-19,0.00762429265972786,0.022972715519089255,0.023978168567464927,0.024012967050165732,0.03057151869230965,0.034308035923288537,0.03368820213161395,False,False,False,False,False,False
2024-06-20,-0.010290510530585717,0.022972715519089255,0.02393509291271258,0.024041576987064436,0.03057151869230965,0.034266593527511366,0.03477801122204115,False,False,False,False,False,False
2024-06-21,0.00010183498315630146,0.022972715519089255,0.023973450423897386,0.02368958474988498,0.03057151869230965,0.03431274516826541,0.034852558274507686,False,False,False,False,False,False
2024-06-24,-0.00020378347240856964,0.022972715519089255,0.023972438977743014,0.023894972942386964,0.03057151869230965,0.03431169280068617,0.03420697984215921,False,False,False,False,False,False
2024-06-25,0.013457015816578988,0.022972715519089255,0.02398272063238801,0.023860643630763893,0.03057151869230965,0.034321917366909385,0.03348410357167138,False,False,False,False,False,False
2024-06-26,-0.003822511154594088,0.022972715519089255,0.02379530549414839,0.023932799186263072,0.03057151869230965,0.034111121600269245,0.03465398846469088,False,False,False,False,False,False
2024-06-27,0.031404578480557443,0.022972715519089255,0.0236460525356215,0.023191433556721236,0.03057151869230965,0.0339258653900791,0.033551999964748384,False,False,False,False,False,False
2024-06-28,0.00822404507402874,0.022972715519089255,0.023699829639488756,0.024060966949375606,0.03057151869230965,0.034059835420226905,0.03364180558642371,False,False,False,False,False,False
2024-07-01,0.023985199855349526,0.022972715519089255,0.023697603249118335,0.023948519685172694,0.03057151869230965,0.03405941430158004,0.034393350634964286,False,False,False,False,False,False
2024-07-02,0.020578466245477545,0.022972715519089255,0.02373500916847183,0.024012023742751055,0.03057151869230965,0.03413907177919096,0.03437576886076494,False,False,False,False,False,False
2024-07-03,0.0017655435509718043,0.022972715519089255,0.02367715336171958,0.023261430369546032,0.03057151869230965,0.03410531937563383,0.03392756478166226,False,False,False,False,False,False
2024-07-04,-0.01595400048463369,0.022972715519089255,0.023632865042030497,0.02332586938712252,0.03057151869230965,0.03405579492508603,0.03358862287646673,False,False,False,False,False,False
2024-07-05,0.008577497227799213,0.022972715519089255,0.02377206756652344,0.023582946440569283,0.03057151869230965,0.03422208784827626,0.03377593749536251,False,False,False,False,False,False
2024-07-08,0.011682331138844537,0.022972715519089255,0.02376422137715769,0.024027737937964325,0.03057151869230965,0.03421802696533612,0.03446973259199935,False,False,False,False,False,False
2024-07-09,-0.0008314908988308334,0.022972715519089255,0.023727969112843528,0.023433011332412584,0.03057151869230965,0.03418979792397111,0.03450113613896022,False,False,False,False,False,False
2024-07-10,-0.010262553446042544,0.022972715519089255,0.023741415677553373,0.023886575395032514,0.03057151869230965,0.03417552518558451,0.03501741489726027,False,False,False,False,False,False
2024-07-11,-0.0016815004195446237,0.022972715519089255,0.023832346245234733,0.023369149388628243,0.03057151869230965,0.03427625971385974,0.03336777024255286,False,False,False,False,False,False
2024-07-12,0.04809584884165319,0.022972715519089255,0.023864836924373595,0.02443680361065389,0.03057151869230965,0.034300380852660885,0.03384674942451718,False,False,False,False,False,False
2024-07-15,-0.0012498159787367458,0.022972715519089255,0.024104448413540265,0.025092473035420504,0.03057151869230965,0.034728390055953476,0.03512807303275801,False,False,False,False,False,False
2024-07-16,0.00044691300960719715,0.022972715519089255,0.024129924991250506,0.024085122282247007,0.03057151869230965,0.03475309349895053,0.034082744604403144,False,False,False,False,False,False
2024-07-18,0.024303160685363645,0.022972715519089255,0.024126708788152453,0.023993281393753976,0.03057151869230965,0.03474970365441313,0.03521337851623545,False,False,False,False,False,False
2024-07-19,-0.027826305143599517,0.022972715519089255,0.024017305479365585,0.024490390734628848,0.03057151869230965,0.034660572285734714,0.034465799292291245,True,False,True,False,True,False
2024-07-22,-0.09241817532493168,0.023203891883414807,0.02433191630308915,0.02528943112858949,0.03057151869230965,0.035048790245255104,0.03532080473989715,True,True,True,True,True,True
2024-07-23,-0.010281712744213078,0.023415968156481573,0.02647643251747241,0.02623829277478375,0.03080663071447727,0.03793203680732911,0.037284241050171744,False,False,False,False,False,False
2024-07-24,-0.0009989560494859662,0.023415968156481573,0.026564464636749975,0.026980353819825748,0.03080663071447727,0.03802786445237359,0.03821736805268937,False,False,False,False,False,False
2024-07-25,0.013498667648579543,0.023415968156481573,0.026545467585143492,0.02644901488126893,0.03080663071447727,0.03795479388394946,0.03826467700319476,False,False,False,False,False,False
2024-07-26,0.035911665026386874,0.023415968156481573,0.026505949033457633,0.02727924653142524,0.03080663071447727,0.03787911994365595,0.03823204251198818,False,False,False,False,False,False
2024-07-29,-0.0015237927990504607,0.023415968156481573,0.02661753957993592,0.026997687001095203,0.03080663071447727,0.03808927631102346,0.039159650542360015,False,False,False,False,False,False
2024-07-30,-0.005150774846108375,0.023415968156481573,0.026632036472464617,0.026967363313846904,0.03080663071447727,0.03810427374645161,0.03795858215504932,False,False,False,False,False,False
2024-07-31,0.0010547332361501294,0.023415968156481573,0.02665498535449681,0.026162141292177615,0.03080663071447727,0.03812997959109241,0.03805191673697114,False,False,False,False,False,False
2024-08-01,-0.0009578151974227733,0.023203891883414807,0.026329331820725298,0.026708038863559748,0.030708365746273607,0.037721977874745176,0.03770173333297204,False,False,False,False,False,False
2024-08-02,-0.037484421212164665,0.023203891883414807,0.026329779355789083,0.026662886558644308,0.030708365746273607,0.03772245700533629,0.0371180484015452,True,True,True,False,True,True
2024-08-05,-0.033466096835039094,0.023415968156481573,0.026713255489981453,0.026686613397525396,0.031038022042941746,0.03821827328535884,0.038591321925420086,True,True,True,False,True,False
2024-08-06,0.008759280022660576,0.02360462101057559,0.027096555404547012,0.027287733017755802,0.03232337663639235,0.03869560634488872,0.03839665682004073,False,False,False,False,False,False
2024-08-07,0.016447019662611417,0.02360462101057559,0.027037851253031625,0.02801020589878718,0.03232337663639235,0.038637591750525016,0.03994164742732086,False,False,False,False,False,False
2024-08-08,-0.021005092181665463,0.02360462101057559,0.027001130863206393,0.026918803699216568,0.03232337663639235,0.03861850688292579,0.038986520301556755,False,False,False,False,False,False
2024-08-09,0.008726009625557918,0.02360462101057559,0.0271994051507072,0.027260932770423914,0.03232337663639235,0.03883814244079694,0.03921338576126881,False,False,False,False,False,False
2024-08-12,-0.004783209426963864,0.02360462101057559,0.02719201394167616,0.02747910283401885,0.03232337663639235,0.038834580121341375,0.03841061647598637,False,False,False,False,False,False
2024-08-13,0.0029654722755010354,0.02360462101057559,0.02715575841588427,0.027369874805054262,0.03232337663639235,0.038791669765238825,0.03980842910737429,False,False,False,False,False,False
2024-08-14,0.009584043089620353,0.02360462101057559,0.02709574044820693,0.02678279070750297,0.03232337663639235,0.038725275778085655,0.03928133801914225,False,False,False,False,False,False
2024-08-16,0.04302174111258772,0.02360462101057559,0.027070611481894873,0.026731284368610497,0.03232337663639235,0.03866787328984902,0.03831379725099467,False,False,False,False,False,False
2024-08-19,0.006002968391546126,0.02360462101057559,0.027258194046111885,0.026599225492093783,0.03232337663639235,0.03899474058243064,0.03941383102381106,False,False,False,False,False,False
2024-08-20,0.009817151598043417,0.02360462101057559,0.02726325147902106,0.02741658677987607,0.03232337663639235,0.038989667197234026,0.03917899701755958,False,False,False,False,False,False
2024-08-21,0.002001722792148497,0.02360462101057559,0.027248799862678235,0.027360190976191114,0.03232337663639235,0.03898112120224078,0.03902262484497876,False,False,False,False,False,False
2024-08-22,-0.013126772406805043,0.02360462101057559,0.027247593664487146,0.02682752258971597,0.03232337663639235,0.03897995485961102,0.039227877667003856,False,False,False,False,False,False
2024-08-23,-0.01233734126074848,0.02360462101057559,0.02725076849973213,0.02830654126707694,0.03232337663639235,0.03898388427092384,0.03966793120374088,False,False,False,False,False,False
2024-08-26,0.014736019495843244,0.02360462101057559,0.027349718409207198,0.0272600749498929,0.03232337663639235,0.03909616180315674,0.03965015921039663,False,False,False,False,False,False
2024-08-27,-0.0053857187443633325,0.02360462101057559,0.027350430160347057,0.02796329423092294,0.03232337663639235,0.03910700660709868,0.040169771307718836,False,False,False,False,False,False
2024-08-28,0.033842533521287965,0.02360462101057559,0.02736740551317284,0.027172252064671817,0.03232337663639235,0.039126248348881405,0.03877179648603621,False,False,False,False,False,False
2024-08-29,0.00748227177937788,0.02360462101057559,0.02734147942520321,0.02773121007715438,0.03232337663639235,0.03916810017592619,0.03877614484893173,False,False,False,False,False,False
2024-08-30,-0.0007425969557620649,0.02360462101057559,0.02733933915491713,0.02713738600945393,0.03232337663639235,0.03916700816322561,0.03933018378565787,False,False,False,False,False,False
2024-09-02,-0.011241204129893378,0.02360462101057559,0.02736369501776107,0.026815917699719437,0.03232337663639235,0.03918942555964181,0.038151234975021105,False,False,False,False,False,False
2024-09-03,0.007516719289435425,0.02360462101057559,0.02741423312394049,0.027513346618322818,0.03232337663639235,0.0392496241271073,0.038447911965676776,False,False,False,False,False,False
2024-09-04,-0.03170750400999711,0.02360462101057559,0.0273545664487056,0.026751215295639456,0.03232337663639235,0.039188470855825816,0.038934229865547024,True,False,True,False,True,False
2024-09-05,0.011075706808228558,0.02423797168330165,0.02765119905530421,0.026961543133843798,0.03260438635076852,0.039565701090681145,0.03907121330442036,False,False,False,False,False,False
2024-09-06,-0.008382520291364881,0.02423797168330165,0.02759920135733602,0.027015378442741916,0.03260438635076852,0.03951860033544104,0.038231678040130584,False,False,False,False,False,False
2024-09-09,-0.010854986519910015,0.02423797168330165,0.027650719387917782,0.027176756662963847,0.03260438635076852,0.03957716494820339,0.03831018040917797,False,False,False,False,False,False
2024-09-10,0.020879864084319966,0.02423797168330165,0.027711550558508078,0.027507811961118987,0.03260438635076852,0.0396484588755357,0.03950363652682851,False,False,False,False,False,False
2024-09-11,-0.021023582180548228,0.02423797168330165,0.027712620002246353,0.027145207074093958,0.03260438635076852,0.03967969190943177,0.038858025647241556,False,False,False,False,False,False
2024-09-12,0.029734715193279637,0.02423797168330165,0.027905730399933684,0.02782790256224266,0.03260438635076852,0.03988733593689504,0.039190208238267514,False,False,False,False,False,False
2024-09-13,0.03925646232969493,0.02423797168330165,0.027777246046992457,0.028008495925810964,0.03260438635076852,0.03968298842413123,0.03964492843862623,False,False,False,False,False,False
2024-09-16,0.0015436432156477053,0.02423797168330165,0.02786618285211532,0.02770176710814094,0.03260438635076852,0.03988261402611751,0.038914016973523514,False,False,False,False,False,False
2024-09-17,0.0002720123582928835,0.02423797168330165,0.027825530123354453,0.0272927510753959,0.03260438635076852,0.03983784824872608,0.039742236324854796,False,False,False,False,False,False
2024-09-18,-0.025106610173993404,0.02423797168330165,0.02784817386024682,0.02797297608122974,0.03260438635076852,0.03985661381392489,0.040287504003396805,True,False,False,False,False,False
2024-09-19,-0.008460271384038043,0.02494156043726773,0.02804508283779284,0.027886785296939186,0.03260438635076852,0.04010307362690585,0.03947605895238714,False,False,False,False,False,False
2024-09-20,0.010407792389506287,0.02494156043726773,0.02812090845470364,0.027877128589389923,0.03260438635076852,0.04017895665051178,0.039665458120376654,False,False,False,False,False,False
2024-09-23,-0.007887904416741254,0.02494156043726773,0.0280990026675854,0.028397393660968082,0.03260438635076852,0.04016388895071177,0.04044480403589672,False,False,False,False,False,False
2024-09-24,0.008605398109613915,0.02494156043726773,0.028152938935917596,0.027772441976300903,0.03260438635076852,0.040223861231573295,0.04005489614312428,False,False,False,False,False,False
2024-09-25,-0.005286132147807265,0.02494156043726773,0.028134792444548112,0.02764388648441814,0.03260438635076852,0.04021017643756681,0.03893738992861012,False,False,False,False,False,False
2024-09-26,0.01044198691164544,0.02494156043726773,0.028188416212352827,0.02816896408605411,0.03260438635076852,0.040259600055940294,0.04014879831857443,False,False,False,False,False,False
2024-09-27,-0.0003690677254466479,0.02494156043726773,0.028086684669348237,0.028012004550616466,0.03260438635076852,0.04015237369894655,0.04068555797278852,False,False,False,False,False,False
2024-09-30,-0.0006461373689261585,0.02494156043726773,0.027989153183327387,0.027912883760874457,0.03260438635076852,0.04003720092649674,0.039966021384238985,False,False,False,False,False,False
2024-10-01,0.00979029230617634,0.02494156043726773,0.027978314217536573,0.028436325900022125,0.03260438635076852,0.040025427344592024,0.04063389660654495,False,False,False,False,False,False
2024-10-03,-0.030641174387911918,0.02494156043726773,0.027748976059172474,0.02818855917858072,0.03260438635076852,0.03975576925873962,0.04068508845428406,True,False,True,False,True,False
2024-10-04,0.006793846782490398,0.02604816537877661,0.027989296914030237,0.02807733764949936,0.03260438635076852,0.04006308836123789,0.040079470538618725,False,False,False,False,False,False
2024-10-07,-0.003936288147796785,0.02604816537877661,0.02795198951817526,0.027791976379112154,0.03260438635076852,0.04002678640608323,0.03996608839389908,False,False,False,False,False,False
2024-10-08,-0.008656469788700494,0.02604816537877661,0.027994083842166145,0.027709080012600397,0.03260438635076852,0.040068354522370016,0.04025698368150184,False,False,False,False,False,False
2024-10-09,0.008827001484021713,0.02604816537877661,0.027837986937042047,0.028003730795596742,0.03260438635076852,0.039872316468262586,0.03997060730679181,False,False,False,False,False,False
2024-10-10,-0.012324914352662919,0.02604816537877661,0.027817923794843626,0.02790285763112384,0.03260438635076852,0.039856731717604975,0.03934767308160245,False,False,False,False,False,False
2024-10-11,0.007715765259321605,0.02604816537877661,0.0278910814004392,0.02769010786366549,0.03260438635076852,0.0399432418135335,0.03931335038648267,False,False,False,False,False,False
2024-10-14,0.038756162933574645,0.02604816537877661,0.02786144492097354,0.027587399796961294,0.03260438635076852,0.03991636177861551,0.03876669875884467,False,False,False,False,False,False
2024-10-15,-0.03003017741795233,0.02604816537877661,0.02798348212696307,0.027277436913258377,0.03260438635076852,0.04014561799454712,0.040542114540805474,True,False,True,False,True,False
2024-10-16,-0.0013133061507729638,0.02706234539490347,0.028294805637482646,0.028805374543862318,0.03260438635076852,0.04053188179008177,0.04113821098340058,False,False,False,False,False,False
2024-10-17,-0.00648199947403616,0.02706234539490347,0.028267540542970194,0.027807973580536185,0.03260438635076852,0.04050110162297817,0.04054634247789004,False,False,False,False,False,False
2024-10-18,0.03763239864526602,0.02706234539490347,0.028323497302908042,0.028281486608949195,0.03260438635076852,0.04056009529615834,0.04053773663273926,False,False,False,False,False,False
2024-10-21,-0.001549189094083192,0.02706234539490347,0.02836397083195564,0.02870386244583195,0.03260438635076852,0.040625221276200746,0.04040643319172088,False,False,False,False,False,False
2024-10-22,-0.0041069488350612415,0.02706234539490347,0.028312386911612513,0.02863482376798655,0.03260438635076852,0.04056544396653952,0.04117141570464412,False,False,False,False,False,False
2024-10-23,0.0028410892831784995,0.02706234539490347,0.02823262655660369,0.028700691719223778,0.03260438635076852,0.04046947802465591,0.04124375542059498,False,False,False,False,False,False
2024-10-24,-0.0003655865964821148,0.02706234539490347,0.028210031648058093,0.02815035011520697,0.03260438635076852,0.04044606038359088,0.04068523098586293,False,False,False,False,False,False
2024-10-25,-0.006856337541474633,0.02706234539490347,0.028222824236827076,0.028124425060147312,0.03260438635076852,0.040458899923931396,0.04041431066759645,False,False,False,False,False,False
2024-10-28,0.028718754326501283,0.02706234539490347,0.028204115246023474,0.02822220511678817,0.03260438635076852,0.04043659139713796,0.039750515810225234,False,False,False,False,False,False
2024-10-29,0.006084517877675832,0.02604816537877661,0.02792513986060038,0.027882329337901388,0.03260438635076852,0.040139254817288327,0.03904570381080702,False,False,False,False,False,False
2024-10-30,0.0058696740263468605,0.02604816537877661,0.02785391221477526,0.027956244539659406,0.03260438635076852,0.04006222890740889,0.03976014853212161,False,False,False,False,False,False
2024-10-31,-0.024226259259263583,0.02604816537877661,0.027633108877985202,0.027954226898523792,0.03260438635076852,0.039797302117875716,0.03926473555642462,False,False,False,False,False,False
2024-11-01,-0.0011779202606462258,0.02604816537877661,0.02784013216777176,0.027856285511825812,0.03260438635076852,0.040054276071616615,0.0395365451233514,False,False,False,False,False,False
2024-11-04,-0.019504725900179265,0.02604816537877661,0.02778387386988287,0.02767667239361166,0.03260438635076852,0.03998880664504934,0.03984408992575852,False,False,False,False,False,False
2024-11-05,0.006014150023689879,0.02604816537877661,0.027971363688407205,0.02796888664832825,0.03260438635076852,0.040204569176862014,0.04082732832815112,False,False,False,False,False,False
2024-11-06,0.03752403043504837,0.02604816537877661,0.027947419473721712,0.026984460127461214,0.03260438635076852,0.04018175550332145,0.039481633116419,False,False,False,False,False,False
2024-11-07,-0.0014182984551545097,0.02604816537877661,0.02803196446974553,0.028351581157592714,0.03260438635076852,0.04036373381552226,0.04012111277689336,False,False,False,False,False,False
2024-11-08,0.009942307096478586,0.02604816537877661,0.028025522165814252,0.028498300098877338,0.03260438635076852,0.04035661057396657,0.041915318918484136,False,False,False,False,False,False
2024-11-11,0.005976905521387632,0.02604816537877661,0.028021426579663784,0.028113108269168022,0.03260438635076852,0.0403553318188021,0.03988046365661854,False,False,False,False,False,False
2024-11-12,-0.003232673675798936,0.02604816537877661,0.027997727476489986,0.02716874910090041,0.03260438635076852,0.04033258307112497,0.03916396105142921,False,False,False,False,False,False
2024-11-13,-0.0025422496022683427,0.02604816537877661,0.02802783602602483,0.028445304605373978,0.03260438635076852,0.040364406795638005,0.04021453047400822,False,False,False,False,False,False
2024-11-14,-0.0051849622667715645,0.02604816537877661,0.028017558200193606,0.027322624345037794,0.03260438635076852,0.04035276477227512,0.040122783500381336,False,False,False,False,False,False
2024-11-18,-0.02296806302970955,0.02604816537877661,0.028024761170692962,0.02778603866201604,0.03260438635076852,0.040361064421295466,0.03955633684640845,False,False,False,False,False,False
2024-11-19,0.015641869064679348,0.02604816537877661,0.028211436787552266,0.028688664389084736,0.03260438635076852,0.0405920138686448,0.04068276514199669,False,False,False,False,False,False
2024-11-21,-0.007923084616512921,0.02604816537877661,0.028167992151167692,0.02879671839329438,0.03260438635076852,0.04056150242108401,0.04143288127526398,False,False,False,False,False,False
2024-11-22,0.02548452194878381,0.02604816537877661,0.02823831036300498,0.02842187552695186,0.03260438635076852,0.04063711786282214,0.04078227434827642,False,False,False,False,False,False
2024-11-25,0.019863535006668265,0.02604816537877661,0.02823864275258465,0.027845985289218906,0.03260438635076852,0.040637707015763386,0.039642372054914145,False,False,False,False,False,False
2024-11-26,0.010810748505281076,0.02604816537877661,0.028247366033500487,0.02838676471217573,0.03260438635076852,0.04065904053469926,0.04186823635930589,False,False,False,False,False,False
2024-11-27,-0.010779979746941892,0.02604816537877661,0.028196120295040764,0.028097232478919876,0.03260438635076852,0.04061136624490245,0.04002654414981187,False,False,False,False,False,False
2024-11-28,-0.01784797856606113,0.02604816537877661,0.02829631932187191,0.02795548661036225,0.03260438635076852,0.0407159338636929,0.04016354539128504,False,False,False,False,False,False
2024-11-29,0.009872422334761932,0.02604816537877661,0.02844092782974844,0.027955834418513018,0.03260438635076852,0.040889012771467545,0.04041525611059152,False,False,False,False,False,False
2024-12-02,0.01219812478357829,0.02604816537877661,0.028410323960564518,0.028088617462549023,0.03260438635076852,0.04086312531585043,0.040493282445354245,False,False,False,False,False,False
2024-12-03,-0.0027347880370415245,0.02604816537877661,0.028399222743056778,0.028682932976604087,0.03260438635076852,0.04085956528333072,0.04041016039207241,False,False,False,False,False,False
2024-12-04,0.00839889075854483,0.02604816537877661,0.02829907685888347,0.027780817110098412,0.03260438635076852,0.04073894488266497,0.039899922270055434,False,False,False,False,False,False
2024-12-05,0.01750805093629748,0.02604816537877661,0.028283499138019474,0.027731661712078876,0.03260438635076852,0.04072664682498308,0.04107293270262032,False,False,False,False,False,False
2024-12-06,-0.006849295477148076,0.02604816537877661,0.028267994106805125,0.028444279057777334,0.03260438635076852,0.0406953232700516,0.03986217254041963,False,False,False,False,False,False
2024-12-09,0.023212862892063812,0.02604816537877661,0.02833323400829956,0.028958618824709317,0.03260438635076852,0.04074727083856969,0.04144184539815752,False,False,False,False,False,False
2024-12-10,0.012329361359477486,0.02604816537877661,0.028229005615999687,0.02822976461916245,0.03260438635076852,0.040660586241774856,0.04024755226458896,False,False,False,False,False,False
2024-12-11,0.003572656473488145,0.02604816537877661,0.028194419474947486,0.028191422470700746,0.03260438635076852,0.04063372963410355,0.04031724143880146,False,False,False,False,False,False
2024-12-12,0.0,0.02604816537877661,0.02813582840674065,0.027762716232838287,0.03260438635076852,0.040568990832850614,0.03996050756650888,False,False,False,False,False,False
2024-12-13,0.0032361038754284976,0.02604816537877661,0.028068024950184168,0.027556580637230165,0.03260438635076852,0.040413452826833826,0.04031958261236106,False,False,False,False,False,False
2024-12-16,-0.0029030881371695516,0.02604816537877661,0.028047308327919566,0.027840362874603942,0.03260438635076852,0.04039208781349039,0.04068417970349036,False,False,False,False,False,False
2024-12-17,-0.0009705490403697503,0.02604816537877661,0.028089286405458623,0.027685221854833776,0.03260438635076852,0.040431588002972155,0.03934309057069103,False,False,False,False,False,False
2024-12-18,0.012467532966055073,0.02604816537877661,0.028073083794657453,0.02789600217657161,0.03260438635076852,0.040413543562907946,0.04045362798832902,False,False,False,False,False,False
2024-12-19,0.00016007946681750873,0.02604816537877661,0.028060182557229158,0.028051151324344017,0.03260438635076852,0.04040886271003092,0.03995411374325706,False,False,False,False,False,False
2024-12-20,-0.024144649084049785,0.02604816537877661,0.028024759591799585,0.02846620803628561,0.03260438635076852,0.040369039608314,0.03963196891384536,False,False,False,False,False,False
2024-12-23,0.009011916581233681,0.02604816537877661,0.0281785059389975,0.02852244366845225,0.03260438635076852,0.040488214072032416,0.041098330565409125,False,False,False,False,False,False
2024-12-24,-0.008606650073120337,0.02604816537877661,0.02813690255881347,0.028558432401642013,0.03260438635076852,0.04039814078715018,0.04132295420208224,False,False,False,False,False,False
2024-12-26,-0.0024570294903945022,0.02604816537877661,0.028172198609989624,0.028613911268853917,0.03260438635076852,0.04043936530423997,0.04026534676742395,False,False,False,False,False,False
2024-12-27,0.015106783627526932,0.02604816537877661,0.028082319001416833,0.02830109249451291,0.03260438635076852,0.04033182641147205,0.04007776430110307,False,False,False,False,False,False
2024-12-30,-0.01763169416253796,0.02604816537877661,0.027937908854936175,0.027743877237290496,0.03260438635076852,0.04017869227268508,0.039977246595002694,False,False,False,False,False,False
